"Address","Content Type","Status Code","Status","Indexability","Indexability Status","Title 1","Title 1 Length","Title 1 Pixel Width","Meta Description 1","Meta Description 1 Length","Meta Description 1 Pixel Width","Meta Keywords 1","Meta Keywords 1 Length","H1-1","H1-1 Length","H1-2","H1-2 Length","H2-1","H2-1 Length","H2-2","H2-2 Length","Meta Robots 1","Meta Robots 2","X-Robots-Tag 1","Meta Refresh 1","Canonical Link Element 1","rel=""next"" 1","rel=""prev"" 1","HTTP rel=""next"" 1","HTTP rel=""prev"" 1","amphtml Link Element","Size (Bytes)","Transferred (Bytes)","Total Transferred (Bytes)","CO2 (mg)","Carbon Rating","Word Count","Sentence Count","Average Words Per Sentence","Flesch Reading Ease Score","Readability","Text Ratio","Crawl Depth","Folder Depth","Link Score","Inlinks","Unique Inlinks","Unique JS Inlinks","% of Total","Outlinks","Unique Outlinks","Unique JS Outlinks","External Outlinks","Unique External Outlinks","Unique External JS Outlinks","Closest Near Duplicate Match","No. Near Duplicates","Spelling Errors","Grammar Errors","Hash","Response Time","Last Modified","Redirect URL","Redirect Type","Cookies","Language","HTTP Version","Mobile Alternate Link","Closest Semantically Similar Address","Semantic Similarity Score","No. Semantically Similar","Semantic Relevance Score","URL Encoded Address","Crawl Timestamp"
"https://makeo.app/","text/html; charset=utf-8","200","OK","Indexable","","Best Clear Aligners, Dental, Skin & Hair Care Clinic | MakeO","60","522","Book a FREE consultation at MakeO for clear aligners, braces, dental, skin & hair treatments, laser hair reduction, skincare and oral care-all under one roof.","158","947","makeO, makeO app","16","","0","","0","Not Sure Where to Start? Let AI Help.","37","Real People, Real Transformations!","34","","","","","https://makeo.app/","","","","","","999125","112136","112136","16.619","","4001","895","4.470","73.907","Fairly Easy","2.418","0","0","","600","141","0","100.000","227","120","0","15","11","0","","","","","339fb5e01dc3376a65eab9f8a7f01be9","0.017","","","","","en","1.1","","","","","","https://makeo.app/","2026-09-16 02:58:41"
"https://makeo.app/_next/static/chunks/e29fc8c3-72a796493fdcd30f.js","application/javascript; charset=UTF-8","200","OK","Indexable","","","0","0","","0","0","","0","","0","","0","","0","","0","","","","","","","","","","","0","0","0","0.000","","0","","","","","0.000","1","3","","0","0","0","0.000","0","0","0","0","0","0","","","","","","0.007","Thu, 10 Sep 2026 17:32:43 GMT","","","","","1.1","","","","","","https://makeo.app/_next/static/chunks/e29fc8c3-72a796493fdcd30f.js","2026-09-16 02:58:43"
"https://makeo.app/_next/static/css/19c4216d02a788df.css","text/css; charset=UTF-8","200","OK","Indexable","","","0","0","","0","0","","0","","0","","0","","0","","0","","","","","","","","","","","0","0","0","0.000","","0","","","","","0.000","1","3","","0","0","0","0.000","0","0","0","0","0","0","","","","","","0.064","Thu, 10 Sep 2026 17:32:44 GMT","","","","","1.1","","","","","","https://makeo.app/_next/static/css/19c4216d02a788df.css","2026-09-16 02:58:43"
"https://makeo.app/_next/static/chunks/dd377fcf-38128c3c3ac1d0f1.js","application/javascript; charset=UTF-8","200","OK","Indexable","","","0","0","","0","0","","0","","0","","0","","0","","0","","","","","","","","","","","0","0","0","0.000","","0","","","","","0.000","1","3","","0","0","0","0.000","0","0","0","0","0","0","","","","","","0.036","Thu, 10 Sep 2026 17:32:43 GMT","","","","","1.1","","","","","","https://makeo.app/_next/static/chunks/dd377fcf-38128c3c3ac1d0f1.js","2026-09-16 02:58:43"
"https://makeo.app/_next/static/chunks/50294-817f482e72098311.js","application/javascript; charset=UTF-8","200","OK","Indexable","","","0","0","","0","0","","0","","0","","0","","0","","0","","","","","","","","","","","0","0","0","0.000","","0","","","","","0.000","1","3","","0","0","0","0.000","0","0","0","0","0","0","","","","","","0.037","Thu, 10 Sep 2026 17:32:43 GMT","","","","","1.1","","","","","","https://makeo.app/_next/static/chunks/50294-817f482e72098311.js","2026-09-16 02:58:43"
"https://makeo.app/toothsi/careers","text/html; charset=utf-8","200","OK","Indexable","","Careers | makeO","15","149","Careers","7","48","","0","","0","","0","","0","","0","","","","","https://makeo.app/toothsi/careers","","","","","","277208","30861","30861","4.574","","432","132","3.273","43.517","Hard","1.034","1","1","","282","141","0","100.000","157","97","0","13","11","0","","","","","bcc1d72eae13caf83d7ad38d36df9a2e","0.021","","","","","en","1.1","","","","","","https://makeo.app/toothsi/careers","2026-09-16 02:58:43"
"https://makeo.app/blog/oral-care/what-are-clear-aligners-uses-benefits","text/html; charset=utf-8","200","OK","Indexable","","Teeth Aligners Uses & Benefits | Toothsi Aligner Guide","54","482","From PETG-free materials to Class II jaw correction, see what Toothsi teeth aligners actually treat, what they cost, and how they compare to teeth braces.","154","945","toothsi aligners uses,teeth aligners uses, aligners benefits, invisible braces benefits","87","Not All Teeth Aligners Are Created Equal: Here's Why It Matters","63","","0","What Are Teeth Aligners?","24","How Toothsi Teeth Aligners Work","31","","","","","https://makeo.app/blog/oral-care/what-are-clear-aligners-uses-benefits","","","","","","585220","89716","89716","13.296","","2609","567","4.601","65.229","Normal","2.820","1","2","","12","5","0","3.550","212","109","0","20","18","0","","","","","caba8614c7cca94e788f4968bab31e0f","0.055","","","","","en","1.1","","","","","","https://makeo.app/blog/oral-care/what-are-clear-aligners-uses-benefits","2026-09-16 02:58:43"
"https://makeo.app/blog/oral-care/teeth-gap-and-how-to-fix-disastema-without-braces","text/html; charset=utf-8","200","OK","Indexable","","Teeth Gap Causes & How to Fix Diastema Without Braces","53","512","Wondering what causes a gap in your teeth? Discover the real reasons behind diastema and how clear aligners can close it comfortably.","133","835","","0","Why Do Teeth Gaps Happen and How To Fix Them Without Braces?","60","","0","What is Diastema or Teeth Gap?","30","What Causes A Gap In Your Teeth?","32","","","","","https://makeo.app/blog/oral-care/teeth-gap-and-how-to-fix-disastema-without-braces","","","","","","589400","89453","89453","13.257","","3009","612","4.917","73.019","Fairly Easy","3.088","1","2","","11","5","0","3.550","204","106","0","23","21","0","","","","","879dd34cc6b55cdd441079598619f2b","0.072","","","","","en","1.1","","","","","","https://makeo.app/blog/oral-care/teeth-gap-and-how-to-fix-disastema-without-braces","2026-09-16 02:58:43"
"https://makeo.app/toothsi/indore","text/html; charset=utf-8","200","OK","Indexable","","Best Dental Treatments in Indore","32","295","Looking for dental treatments in a trusted clinic in Indore? Check out advanced dental care with Toothsi dentists near you. Book your consultation today.","153","941","","0","Dental Treatments in Indore by Toothsi – Expert Care Near You","61","","0","How Does Dental Treatment Work at Toothsi?","42","Teeth Aligners Treatment in Indore: What You Need to Know","57","","","","","https://makeo.app/toothsi/indore","","","","","","428858","57420","57420","8.510","","1679","312","5.381","58.475","Fairly Hard","2.527","1","1","","142","141","0","100.000","182","103","0","16","13","0","","","","","8028d4c22a9dd6e02e2dfe3cd3be0e11","0.052","","","","","en","1.1","","","","","","https://makeo.app/toothsi/indore","2026-09-16 02:58:43"
"https://makeo.app/_next/static/chunks/77726-bd46b32297890391.js","application/javascript; charset=UTF-8","200","OK","Indexable","","","0","0","","0","0","","0","","0","","0","","0","","0","","","","","","","","","","","0","0","0","0.000","","0","","","","","0.000","1","3","","0","0","0","0.000","0","0","0","0","0","0","","","","","","0.035","Thu, 10 Sep 2026 17:32:43 GMT","","","","","1.1","","","","","","https://makeo.app/_next/static/chunks/77726-bd46b32297890391.js","2026-09-16 02:58:44"
"https://makeo.app/toothsi/surat","text/html; charset=utf-8","200","OK","Indexable","","Best Dental Treatments in Surat","31","287","Looking for dental treatments in a trusted clinic in Surat? Check out advanced dental care with Toothsi dentists near you. Book your consultation today.","152","935","","0","Dental Treatments in Surat by Toothsi – Expert Care Near You","60","","0","How Does Dental Treatment Work at Toothsi?","42","Teeth Aligners Treatment in Surat: What You Need to Know","56","","","","","https://makeo.app/toothsi/surat","","","","","","428754","57416","57416","8.509","","1679","312","5.381","58.928","Fairly Hard","2.524","1","1","","142","141","0","100.000","182","103","0","16","13","0","","","","","8603d00b1f1075ee3ac9f6c54c22e5d2","0.070","","","","","en","1.1","","","","","","https://makeo.app/toothsi/surat","2026-09-16 02:58:44"
"https://makeo.app/toothsi/chennai","text/html; charset=utf-8","200","OK","Indexable","","Toothsi Dental Clinic | Orthodontic & Aligners Treatment in Chennai","67","598","Looking for a toothsi dental clinic in Chennai? Get expert smile makeovers, braces, dental checkups, teeth whitening, and personalized teeth aligners treatment with professional orthodontist support.","199","1221","toothsi near me, toothsi in Chennai, toothsi clinic near me, orthodontists in Chennai, orthodontists near me","108","Toothsi Dental Clinic And Dental Services in Chennai","52","","0","Dental Services Offered by Toothsi in Chennai","45","Before - After","14","","","","","https://makeo.app/toothsi/chennai","","","","","","591863","72149","72149","10.692","","1674","418","4.005","67.784","Normal","1.724","1","1","","162","141","0","100.000","208","105","0","18","16","0","","","","","ac5911b6dfaf79bbe5791dcc52d91deb","0.008","","","","","en","1.1","","","","","","https://makeo.app/toothsi/chennai","2026-09-16 02:58:44"
"https://makeo.app/skinnsi/laser-hair-removal/select-service/upperlip-chin-underarms","text/html; charset=utf-8","200","OK","Indexable","","Laser Hair Removal Upper Lip, Chin, Underarms | makeO","53","501","Want to get rid of hair on your upper lips, chin and underarms? Avail our at-home laser hair removal for upper lips, chin and underarms today. Book an appointment now!","167","1037","","0","Upperlip, Chin & Underarms Laser Hair Removal","45","","0","","0","real people, real results","25","","","","","https://makeo.app/skinnsi/laser-hair-removal/select-service/upperlip-chin-underarms","","","","","","505065","63045","63045","9.343","","2451","502","4.882","73.133","Fairly Easy","2.925","1","3","","279","139","0","98.580","162","102","0","13","11","0","","","","","4dbda4229f366b6711ab531c1e68f954","0.119","","","","","en","1.1","","","","","","https://makeo.app/skinnsi/laser-hair-removal/select-service/upperlip-chin-underarms","2026-09-16 02:58:44"
"https://makeo.app/toothsi/jaipur","text/html; charset=utf-8","200","OK","Indexable","","Toothsi Jaipur: Orthodontic & Aligners Treatment","48","438","Looking for Dental Clinic in Jaipur? Get expert smile makeovers, 3D scans, teeth braces, and personalized teeth aligner treatments with expert orthodontist support.","164","1006","orthodontists in jaipur, dental treatment in jaipur, toothsi, toothsi jaipur, dental clinic near me, toothsi near me","116","Toothsi Dental Clinic & Teeth Aligner Services in Jaipur","56","","0","Before - After","14","","0","","","","","https://makeo.app/toothsi/jaipur","","","","","","564185","69482","69482","10.297","","1553","360","4.314","65.560","Normal","1.678","1","1","","158","141","0","100.000","214","117","0","15","13","0","","","","","deaa164aaf8b1ebf0fd27966d404da8c","0.029","","","","","en","1.1","","","","","","https://makeo.app/toothsi/jaipur","2026-09-16 02:58:45"
"https://makeo.app/_next/static/css/2b0ad2315989cd01.css","text/css; charset=UTF-8","200","OK","Indexable","","","0","0","","0","0","","0","","0","","0","","0","","0","","","","","","","","","","","0","0","0","0.000","","0","","","","","0.000","1","3","","0","0","0","0.000","0","0","0","0","0","0","","","","","","0.033","Thu, 10 Sep 2026 17:32:44 GMT","","","","","1.1","","","","","","https://makeo.app/_next/static/css/2b0ad2315989cd01.css","2026-09-16 02:58:45"
"https://makeo.app/toothsi/refund-policy","text/html; charset=utf-8","200","OK","Indexable","","Refund Policy For Toothsi Aligners / Services","45","399","Refund Policy For Toothsi Teeth Aligners or any of the services.","64","388","Refund Policy","13","Cancellation policy for Toothsi Aligners","40","","0","Refund Policy for Toothsi Products","34","","0","","","","","https://makeo.app/toothsi/refund-policy","","","","","","306941","39072","39072","5.790","","1630","323","5.046","53.845","Fairly Hard","3.445","1","1","","142","141","0","100.000","157","97","0","13","11","0","","","","","f13a14232b602b2b524786220c67e0a","0.010","","","","","en","1.1","","","","","","https://makeo.app/toothsi/refund-policy","2026-09-16 02:58:45"
"https://makeo.app/toothsi/dental-clinic-near-me","text/html; charset=utf-8","200","OK","Indexable","","Discover the Nearest Toothsi Dental Clinic","42","376","Transform your smile with our expert dentists and services like clear aligners, braces, professional teeth whitening and cleaning. Visit a Toothsi centre today!","160","961","","0","","0","","0","","0","","0","","","","","https://makeo.app/toothsi/dental-clinic-near-me","","","","","","514084","54127","54127","8.022","","1385","573","2.417","69.510","Normal","1.676","1","1","","162","134","0","95.040","234","117","0","31","29","0","","","","","37ef2342648c433466a707ead6311170","0.007","","","","","en","1.1","","","","","","https://makeo.app/toothsi/dental-clinic-near-me","2026-09-16 02:58:45"
"https://makeo.app/toothsi/teeth-aligners/crossbite","text/html; charset=utf-8","200","OK","Indexable","","Fix Crossbite Teeth with Aligners – Starting @₹1,499/month","58","535","Correct crossbite with Toothsi clear aligners. Explore treatment options with EMI starting at ₹1,499/month and get a FREE orthodontist consultation.","148","919","crossbite, crossbite teeth, anterior crossbite, posterior crossbite, crossbite definition, What is a Crossbite, Crossbite treatment","131","What Is A Crossbite Teeth Condition? (Cross Bite Explained)","59","","0","Why You Should Fix Crossbite Teeth Early?","41","What Is Better For Cross Bite Teeth Treatment: Aligners or Braces?","66","","","","","https://makeo.app/toothsi/teeth-aligners/crossbite","","","","","","435755","59057","59057","8.752","","2140","364","5.879","58.945","Fairly Hard","3.193","1","2","","298","141","0","100.000","174","100","0","13","11","0","","","","","c9f1aeaaa85027804579e1b123ef3c00","0.064","","","","","en","1.1","","","","","","https://makeo.app/toothsi/teeth-aligners/crossbite","2026-09-16 02:58:46"
"https://makeo.app/blog/oral-care","text/html; charset=utf-8","200","OK","Indexable","","oral care","9","78","oral care","9","54","oral care","9","","0","","0","","0","","0","","","","","https://makeo.app/blog/oral-care","","","","","","373714","65983","65983","9.779","","813","235","3.460","66.382","Normal","1.340","1","1","","154","134","0","95.040","205","130","0","13","11","0","","","","","ce4009dca8669f626d6c95c46d80a5c","0.075","","","","","en","1.1","","","","","","https://makeo.app/blog/oral-care","2026-09-16 02:58:46"
"https://makeo.app/skinnsi/dermafacial-at-home/select-service/facial-for-glowing-skin","text/html; charset=utf-8","200","OK","Indexable","","Facial for Glowing Skin at Home  | makeO skinnsi","48","431","Book an appointment with makeO skinnsi for a facial for glowing skin at home at a low cost - we use hygienic equipment and dermatologist-trained therapist and dermatologist-approved solutions.","192","1207","","0","Instant Glow facial","19","","0","What is a glow facial and how it helps?","39","Technology","10","","","","","https://makeo.app/skinnsi/dermafacial-at-home/select-service/facial-for-glowing-skin","","","","","","380471","52268","52268","7.746","","2095","383","5.470","67.821","Normal","3.348","1","3","","286","139","0","98.580","157","97","0","13","11","0","","","","","d122f84778ce40817fe4e3245486c6ad","0.078","","","","","en","1.1","","","","","","https://makeo.app/skinnsi/dermafacial-at-home/select-service/facial-for-glowing-skin","2026-09-16 02:58:46"
"https://makeo.app/_next/static/chunks/87971-4ee8df8d566fe8ba.js","application/javascript; charset=UTF-8","200","OK","Indexable","","","0","0","","0","0","","0","","0","","0","","0","","0","","","","","","","","","","","0","0","0","0.000","","0","","","","","0.000","1","3","","0","0","0","0.000","0","0","0","0","0","0","","","","","","0.010","Thu, 10 Sep 2026 17:32:43 GMT","","","","","1.1","","","","","","https://makeo.app/_next/static/chunks/87971-4ee8df8d566fe8ba.js","2026-09-16 02:58:47"
"https://makeo.app/toothsi/aligners-for-teens","text/html; charset=utf-8","200","OK","Indexable","","Invisible Aligners & Braces for Kids or Teenagers | Toothsi","59","513","Get the best aligners for teens in India at makeO toothsi. Visit today & get a free consultation from our nearest makeO experience center.","138","839","aligners for teens, clear braces for teens, clear, aligners for teens","69","Teeth Aligners & Braces for your teen’s confident smile!","56","","0","Transform your smile with clear aligners & braces","49","Other services we offer","23","","","","","https://makeo.app/toothsi/aligners-for-teens","","","","","","704822","92902","92902","13.768","","2549","533","4.782","65.240","Normal","2.274","1","1","","291","141","0","100.000","161","98","0","14","12","0","","","","","8ecda31ae358680de75bacf25c3033c1","0.077","","","","","en","1.1","","","","","","https://makeo.app/toothsi/aligners-for-teens","2026-09-16 02:58:46"
"https://makeo.app/skinnsi/laser-hair-removal/select-service/bikini-upperlip-chin","text/html; charset=utf-8","200","OK","Indexable","","Laser Hair Removal for Bikini, Upper Lip & Chin | Sale upto 40% off","67","585","Get safe & permanent laser hair removal for bikini, upper lip, chin with makeO skinnsi. With the Big makeOver sale, enjoy up to 40% off from 1-14th Feb. Book now!","162","993","","0","Bikini, Upper lip & Chin Laser Hair Removal","43","","0","","0","real people, real results","25","","","","","https://makeo.app/skinnsi/laser-hair-removal/select-service/bikini-upperlip-chin","","","","","","504924","62974","62974","9.333","","2452","502","4.884","73.252","Fairly Easy","2.924","1","3","","279","139","0","98.580","162","102","0","13","11","0","","","","","9f778da5ffcd5bea1e93a948d0edee30","0.068","","","","","en","1.1","","","","","","https://makeo.app/skinnsi/laser-hair-removal/select-service/bikini-upperlip-chin","2026-09-16 02:58:47"
"https://makeo.app/toothsi/why-toothsi","text/html; charset=utf-8","200","OK","Indexable","","Best Teeth Straightener Treatment Online in India | toothsi by makeO","68","615","Choose toothsi - The best teeth straightener treatment in India. Say No to dentist appointment and get teeth straightener treatment at home. Learn more.","152","945","orthodontic treatment, teeth braces treatment, how to fix gap between teeth, orthodontic retainer, dental braces near me, dentist teeth straightening","149","to toothsi or not to toothsi?","29","","0","","0","","0","","","","","https://makeo.app/toothsi/why-toothsi","","","","","","301706","39586","39586","5.867","","695","194","3.582","54.084","Fairly Hard","1.487","1","1","","135","134","0","95.040","157","97","0","13","11","0","","","","","3415638878a6a1f141cf48de66cda0dc","0.031","","","","","en","1.1","","","","","","https://makeo.app/toothsi/why-toothsi","2026-09-16 02:58:47"
"https://makeo.app/_next/static/chunks/9811-e3ed36a37b9914f1.js","application/javascript; charset=UTF-8","200","OK","Indexable","","","0","0","","0","0","","0","","0","","0","","0","","0","","","","","","","","","","","0","0","0","0.000","","0","","","","","0.000","1","3","","0","0","0","0.000","0","0","0","0","0","0","","","","","","0.022","Thu, 10 Sep 2026 17:32:44 GMT","","","","","1.1","","","","","","https://makeo.app/_next/static/chunks/9811-e3ed36a37b9914f1.js","2026-09-16 02:58:47"
"https://makeo.app/about-us","text/html; charset=utf-8","200","OK","Indexable","","About makeO","11","122","about-us","8","56","","0","Why We Built MakeO In The First Place","37","","0","","0","","0","","","","","https://makeo.app/about-us","","","","","","321486","42480","42480","6.296","","1662","300","5.540","53.493","Fairly Hard","3.399","1","0","","282","141","0","100.000","157","97","0","19","15","0","","","","","463b7bee3b26fde568a1ca26c7c8c48b","0.006","","","","","en","1.1","","","","","","https://makeo.app/about-us","2026-09-16 02:58:47"
"https://makeo.app/blog/oral-care/yellow-teeth-know-all-about-its-causes-and-treatment","text/html; charset=utf-8","200","OK","Indexable","","Yellow teeth: Causes & Treatment | makeO toothsi","48","450","What is the real cause of yellow teeth? Know the root cause of teeth discolouration for long-term treatment","107","658","yellow teeth, yellow teeth reasons, yellow teeth whitening, yellow teeth treatment","82","Yellow teeth: Know all about its causes and treatment","53","","0","What Causes Yellow Teeth?","25","3 Best Teeth Whitening Options for Yellow Teeth","47","","","","","https://makeo.app/blog/oral-care/yellow-teeth-know-all-about-its-causes-and-treatment","","","","","","377744","53969","53969","7.998","","1456","281","5.181","71.190","Fairly Easy","2.284","1","2","","2","2","0","1.420","174","105","0","13","11","0","","","","","19012c8ef82c334c50788589ad407308","0.041","","","","","en","1.1","","","","","","https://makeo.app/blog/oral-care/yellow-teeth-know-all-about-its-causes-and-treatment","2026-09-16 02:58:47"
"https://makeo.app/toothsi/doctor-partners","text/html; charset=utf-8","200","OK","Indexable","","Doctor Partners","15","141","Doctor Partners","15","99","doctorPartners","14","","0","","0","","0","","0","","","","","https://makeo.app/toothsi/doctor-partners","","","","","","365145","49322","49322","7.310","","495","149","3.322","45.885","Hard","0.900","1","1","","141","141","0","100.000","157","97","0","13","11","0","","","","","27f952fcf8824a31bf4ae4cb105ca1d5","0.066","","","","","en","1.1","","","","","","https://makeo.app/toothsi/doctor-partners","2026-09-16 02:58:47"
"https://makeo.app/skinnsi/acne-treatment/acne-pimple-scars-marks-treatment","text/html; charset=utf-8","200","OK","Indexable","","Acne Scar Treatment at Home | skinnsi by makeO","46","443","Treat Acne Scars At Home : Get customised solutions for open pore treatment, acne marks & pimple scar from expert dermatologists at skinnsi by makeO at the comfort of your home!","177","1123","","0","Most convenient way to reduce acne scars","40","","0","all about acne scars","20","how to identify acne scars?","27","","","","","https://makeo.app/skinnsi/acne-treatment/acne-pimple-scars-marks-treatment","","","","","","325131","42650","42650","6.321","","671","173","3.879","57.149","Fairly Hard","1.308","1","2","","278","139","0","98.580","158","97","0","13","11","0","","","","","f710b818fdee7e311bd2435d32e18a82","0.101","","","","","en","1.1","","","","","","https://makeo.app/skinnsi/acne-treatment/acne-pimple-scars-marks-treatment","2026-09-16 02:58:47"
"https://makeo.app/_next/static/chunks/9aad671b-f9159c7d63d614c2.js","application/javascript; charset=UTF-8","200","OK","Indexable","","","0","0","","0","0","","0","","0","","0","","0","","0","","","","","","","","","","","0","0","0","0.000","","0","","","","","0.000","1","3","","0","0","0","0.000","0","0","0","0","0","0","","","","","","0.007","Thu, 10 Sep 2026 17:32:43 GMT","","","","","1.1","","","","","","https://makeo.app/_next/static/chunks/9aad671b-f9159c7d63d614c2.js","2026-09-16 02:58:48"
"https://makeo.app/_next/static/chunks/56709-98ef7cbe070c004b.js","application/javascript; charset=UTF-8","200","OK","Indexable","","","0","0","","0","0","","0","","0","","0","","0","","0","","","","","","","","","","","0","0","0","0.000","","0","","","","","0.000","1","3","","0","0","0","0.000","0","0","0","0","0","0","","","","","","0.009","Thu, 10 Sep 2026 17:32:43 GMT","","","","","1.1","","","","","","https://makeo.app/_next/static/chunks/56709-98ef7cbe070c004b.js","2026-09-16 02:58:48"
"https://makeo.app/_next/static/chunks/88146-6a9e1b5a91ac83b5.js","application/javascript; charset=UTF-8","200","OK","Indexable","","","0","0","","0","0","","0","","0","","0","","0","","0","","","","","","","","","","","0","0","0","0.000","","0","","","","","0.000","1","3","","0","0","0","0.000","0","0","0","0","0","0","","","","","","0.006","Thu, 10 Sep 2026 17:32:43 GMT","","","","","1.1","","","","","","https://makeo.app/_next/static/chunks/88146-6a9e1b5a91ac83b5.js","2026-09-16 02:58:48"
"https://makeo.app/_next/static/chunks/17368-1b37a01be76e5719.js","application/javascript; charset=UTF-8","200","OK","Indexable","","","0","0","","0","0","","0","","0","","0","","0","","0","","","","","","","","","","","0","0","0","0.000","","0","","","","","0.000","1","3","","0","0","0","0.000","0","0","0","0","0","0","","","","","","0.024","Thu, 10 Sep 2026 17:32:43 GMT","","","","","1.1","","","","","","https://makeo.app/_next/static/chunks/17368-1b37a01be76e5719.js","2026-09-16 02:58:48"
"https://makeo.app/toothsi/teeth-aligners/overbite-teeth-correction","text/html; charset=utf-8","200","OK","Indexable","","Fix Overbite Teeth with Teeth Aligners Starting @₹70/Day Only!","62","563","Correct overbite with Toothsi clear aligners, with EMI starting at ₹1,499/month. Check your treatment eligibility and book a FREE consultation.","143","874","overbite, overbite teeth, overbite jaw, overbite meaning,overbite correction","76","Overbite Teeth Correction: Symptoms, Treatment Options & Cost in India","70","","0","Why Overbite Isn’t Only About Aesthetics?","41","Looking For Ways To Fix Your Overbite? It’s Simpler Than You Think","66","","","","","https://makeo.app/toothsi/teeth-aligners/overbite-teeth-correction","","","","","","445554","58799","58799","8.714","","1735","342","5.073","61.303","Normal","2.417","1","2","","285","141","0","100.000","175","99","0","14","12","0","","","","","cbcb7d024f95916b9a30ecdf8a57fe5e","0.164","","","","","en","1.1","","","","","","https://makeo.app/toothsi/teeth-aligners/overbite-teeth-correction","2026-09-16 02:58:48"
"https://makeo.app/toothsi/clear-aligners/check-eligibility/contact-information?utm_campaign=website_banners_sep25_studentspecial&utm_medium=organic&utm_source=banner","text/html; charset=utf-8","200","OK","Non-Indexable","Canonicalised,noindex","Eligibility Check for Clear Aligners | toothsi by makeO","55","470","Complete basic details such as age, alignment issues, and more, for us to plan your smile makeover journey better.","114","702","","0","","0","","0","","0","","0","noindex, nofollow","noindex, nofollow","","","https://makeo.app/toothsi/clear-aligners/check-eligibility/contact-information","","","","","","287064","32303","32303","4.787","","433","132","3.280","43.488","Hard","1.001","1","3","","2","1","0","0.710","157","97","0","13","11","0","","","","","c00327d4f5849bcf49ed5f80c2e88f67","0.050","","","","","en","1.1","","","","","","https://makeo.app/toothsi/clear-aligners/check-eligibility/contact-information?utm_campaign=website_banners_sep25_studentspecial&utm_medium=organic&utm_source=banner","2026-09-16 02:58:48"
"https://makeo.app/toothsi/teeth-aligners/jaw-correction","text/html; charset=utf-8","200","OK","Indexable","","Fix Jaw Misalignment with Clear Aligners – Starting @₹70/Day","60","558","Get Clear Aligners for jaw correction with Toothsi. Understand your treatment options, get a FREE orthodontist consultation & explore easy EMI options today!","157","975","jaw aligners, 
jaw alignment, 
jaw correction, 
braces jaw,
jaw correction braces,
corrective jaw surgery,
braces for jaw correction,
braces for upper jaw,
braces for protruding upper jaw,
can braces fix asymmetrical jaw,
jaw alignment braces,
do braces change your jaw,
jaw correction braces,
asymmetrical jaw braces,
misaligned jaw,
misaligned jaw before and after,
misaligned jaw symptoms,
misaligned jaw treatment,
can braces fix misaligned jaw,
how to know if your jaw is misaligned,","488","Jaw Correction With Clear Aligners: Treatment for Jaw Alignment Issues","70","","0","What Is Jaw Misalignment?","25","Common Types Of Jaw Alignment Problems","38","","","","","https://makeo.app/toothsi/teeth-aligners/jaw-correction","","","","","","421302","57045","57045","8.454","","2668","438","6.091","57.517","Fairly Hard","4.035","1","2","","3","3","0","2.130","188","100","0","13","11","0","","","","","b155dcd35283c79810027d63737c2091","0.046","","","","","en","1.1","","","","","","https://makeo.app/toothsi/teeth-aligners/jaw-correction","2026-09-16 02:58:48"
"https://makeo.app/toothsi/pricing","text/html; charset=utf-8","200","OK","Indexable","","Toothsi Aligners Price - Invisible Teeth Braces Cost in India","61","523","Get Invisible Teeth Aligners or Braces at the most affordable price in India only at Toothsi. Affordable EMI options available starting at just ₹70 per day.","156","927","teeth gap treatment cost, invisible braces price, invisible braces cost, orthodontic braces","91","Toothsi teeth aligner prices in India","37","","0","Superior Quality, Affordable Prices","35","Toothsi right fit packages for your smile goals","47","","","","","https://makeo.app/toothsi/pricing","","","","","","639362","87287","87287","12.936","","2598","618","4.204","64.466","Normal","2.566","1","1","","302","141","0","100.000","175","104","0","15","11","0","","","","","951cfea081f588a4ba6ebaedd2acfd0e","0.045","","","","","en","1.1","","","","","","https://makeo.app/toothsi/pricing","2026-09-16 02:58:48"
"https://makeo.app/toothsi/hyderabad","text/html; charset=utf-8","200","OK","Indexable","","Toothsi Dental Clinic | Orthodontic & Aligners Treatment in Hyderabad","69","621","Looking for a toothsi dental clinic in Hyderabad? Get expert smile makeovers, teeth aligners, braces and teeth whitening with professional orthodontist support.","160","982","toothsi near me, toothsi in hyderabad, toothsi clinic near me, orthodontists in hyderabad, orthodontists near me","112","Looking For Dental Clinic & Dental Services in Hyderabad?","57","","0","Services Offered by Toothsi Dental Clinic in Hyderabad","54","Transform your smile today with toothsi by makeO!","49","","","","","https://makeo.app/toothsi/hyderabad","","","","","","596583","72629","72629","10.764","","1710","424","4.033","65.501","Normal","1.756","1","1","","158","141","0","100.000","207","106","0","18","16","0","","","","","8a8a4c901b018f9ba3b77c754c15ea65","0.030","","","","","en","1.1","","","","","","https://makeo.app/toothsi/hyderabad","2026-09-16 02:58:48"
"https://makeo.app/toothsi/results","text/html; charset=utf-8","200","OK","Indexable","","Toothsi Reviews: 3 Lakh+ Happy Patients | 4.5 Stars","51","461","Read 12,000+ Google Reviews for toothsi, with an average rating of 4.5 stars. Trusted by 3 lakh+ happy patients. Book your FREE consultation today.","147","921","toothsi reviews, MakeO toothsi reviews , toothsi aligner reviews, MakeO toothsi aligner reviews , MakeO toothsi invisible aligners reviews, toothsi invisible aligners reviews, toothsi invisible braces reviews,MakeO toothsi invisible braces reviews, treatment of teeth, invisible teeth braces, invisalign braces, orthodontic braces","330","Clear Aligners Before and After: Real Smile Transformations with Toothsi","72","","0","Real People, Real Results","25","Love Letters","12","","","","","https://makeo.app/toothsi/results","","","","","","663545","81142","81142","12.025","","3656","719","5.085","60.427","Normal","3.551","1","1","","282","141","0","100.000","171","100","0","15","11","0","","","","","384bfc49b8d67be6dac4ef1e8257862","0.009","","","","","en","1.1","","","","","","https://makeo.app/toothsi/results","2026-09-16 02:58:48"
"https://makeo.app/toothsi/products/allproducts?category=ORAL_HYGIENE","text/html; charset=utf-8","200","OK","Non-Indexable","Canonicalised","Buy Oral Care Products Online | makeO toothsi","45","414","Checkout Oral Hygiene Products from makeO toothsi. Explore various range of products like smart electric toothbrush, toothsi smile combo, & toothsi electronic i5 starting at Rs.750/-*","183","1128","","0","shop all","8","","0","","0","","0","","","","","https://makeo.app/toothsi/products/allproducts","","","","","","378053","60586","60586","8.979","","808","237","3.409","55.743","Fairly Hard","1.504","1","2","","156","135","0","95.740","192","129","0","13","11","0","","","","","2a076b028df3fcf30e9f0dfd575b5e8","0.101","","","","","en","1.1","","","","","","https://makeo.app/toothsi/products/allproducts?category=ORAL_HYGIENE","2026-09-16 02:58:49"
"https://makeo.app/blog","text/html; charset=utf-8","200","OK","Indexable","","Oral & Skin Care Blogs for Your Smile & Skin Makeover | makeO","61","562","blogs","5","34","","0","","0","","0","","0","","0","","","","","https://makeo.app/blog","","","","","","387522","63817","63817","9.458","","867","261","3.322","66.854","Normal","1.378","1","0","","303","141","0","100.000","218","136","0","13","11","0","","","","","825f8975749805b7417fa76177b89e27","0.073","","","","","en","1.1","","","","","","https://makeo.app/blog","2026-09-16 02:58:49"
"https://makeo.app/toothsi/pune","text/html; charset=utf-8","200","OK","Indexable","","Toothsi Dental Clinic | Orthodontic & Aligners Treatment | Pune","63","560","Looking for a Dental Clinic in Pune? Get expert smile makeovers, braces, teeth whitening, and personalized teeth aligners treatment with professional orthodontist support.","171","1051","toothsi near me, toothsi in Pune, toothsi clinic near me, orthodontists in Pune, orthodontists near me, dental clinic in Pune","125","Looking For Dental Clinic & Services in Pune?","45","","0","Services Offered by Dental Clinic in Pune","41","Before - After","14","","","","","https://makeo.app/toothsi/pune","","","","","","572400","70291","70291","10.417","","1615","380","4.250","68.366","Normal","1.699","1","1","","163","141","0","100.000","201","103","0","16","14","0","","","","","63b063879e3f8489e9319fb57e2a10a","0.031","","","","","en","1.1","","","","","","https://makeo.app/toothsi/pune","2026-09-16 02:58:49"
"https://makeo.app/_next/static/chunks/34648-06c17b7a01304740.js","application/javascript; charset=UTF-8","200","OK","Indexable","","","0","0","","0","0","","0","","0","","0","","0","","0","","","","","","","","","","","0","0","0","0.000","","0","","","","","0.000","1","3","","0","0","0","0.000","0","0","0","0","0","0","","","","","","0.006","Thu, 10 Sep 2026 17:32:44 GMT","","","","","1.1","","","","","","https://makeo.app/_next/static/chunks/34648-06c17b7a01304740.js","2026-09-16 02:58:50"
"https://makeo.app/skinnsi/skin-care-products","text/html; charset=utf-8","200","OK","Indexable","","Skin Care Products: Buy Face Serums, Cream & More | makeO skinnsi","65","617","Skincare Products: With MakeO skinnsi's clinically approved ingredients and dermatologist-recommended products, see the version of you, you have been waiting for.","162","1016","""best skin care products in india, Skincare product, skincare kit""","66","shop by skin concerns","21","","0","why skinnsi?","12","more skincare for you","21","","","","","https://makeo.app/skinnsi/skin-care-products","","","","","","460752","54904","54904","8.137","","1302","401","3.247","79.109","Fairly Easy","1.666","1","1","","283","141","0","100.000","198","132","0","13","11","0","","","","","25ab334310f9fbe5920f7e4ffe8b0f44","0.024","","","","","en","1.1","","","","","","https://makeo.app/skinnsi/skin-care-products","2026-09-16 02:58:50"
"https://makeo.app/toothsi/teeth-aligners/open-bite-teeth-treatment","text/html; charset=utf-8","200","OK","Indexable","","Treat Open Bite with Clear Aligners - Starting @₹70/Day Only!","61","545","Treat open bite with Toothsi Clear Aligners. Explore your treatment options and get a FREE orthodontist consultation and a FREE home scan to find the right approach.","165","1029","","0","What is an Open Bite Teeth Condition? Causes, Types & Treatment","63","","0","What Are The Types Of Open Bite Teeth?","38","What are the Symptoms of an Open Bite?","38","","","","","https://makeo.app/toothsi/teeth-aligners/open-bite-teeth-treatment","","","","","","444347","59638","59638","8.838","","2520","390","6.462","65.185","Normal","3.426","1","2","","293","141","0","100.000","175","101","0","13","11","0","","","","","17dc9edcae2e438897ed19f63082b258","0.052","","","","","en","1.1","","","","","","https://makeo.app/toothsi/teeth-aligners/open-bite-teeth-treatment","2026-09-16 02:58:50"
"https://makeo.app/toothsi/dental-clinic-near-me?city=all","text/html; charset=utf-8","200","OK","Non-Indexable","Canonicalised","Discover the Nearest Toothsi Dental Clinic","42","376","Transform your smile with our expert dentists and services like clear aligners, braces, professional teeth whitening and cleaning. Visit a Toothsi centre today!","160","961","","0","","0","","0","","0","","0","","","","","https://makeo.app/toothsi/dental-clinic-near-me","","","","","","514084","54127","54127","8.022","","1385","573","2.417","69.510","Normal","1.676","1","1","","134","134","0","95.040","234","117","0","31","29","0","","","","","37ef2342648c433466a707ead6311170","0.033","","","","","en","1.1","","","","","","https://makeo.app/toothsi/dental-clinic-near-me?city=all","2026-09-16 02:58:50"
"https://makeo.app/toothsi/products/allproducts?category=ALIGNER_ESSENTIALS","text/html; charset=utf-8","200","OK","Non-Indexable","Canonicalised","Buy makeO toothsi Aligners Essential Products Online","52","479","Checkout Aligner Essentials Products from makeO toothsi. Explore various products like replacement aligners, removable retainers, cheek retractors, & chewie aligners with minimum 9% off.","186","1160","","0","shop all","8","","0","","0","","0","","","","","https://makeo.app/toothsi/products/allproducts","","","","","","378125","60584","60584","8.979","","808","237","3.409","55.743","Fairly Hard","1.504","1","2","","155","135","0","95.740","192","129","0","13","11","0","","","","","1284d9822ad59f6ddc49259dc842b47e","0.139","","","","","en","1.1","","","","","","https://makeo.app/toothsi/products/allproducts?category=ALIGNER_ESSENTIALS","2026-09-16 02:58:50"
"https://makeo.app/skinnsi/laser-hair-removal/select-service/detan-lhr","text/html; charset=utf-8","200","OK","Indexable","","Book Laser Hair Removal Treatment","33","324","Get safe and permanent laser hair removal at home with MakeO at an affordable cost. We use the most advanced painless icy cool FDA-approved technology","150","967","","0","Detan Laser Hair Reduction Laser Hair Removal","45","","0","","0","real people, real results","25","","","","","https://makeo.app/skinnsi/laser-hair-removal/select-service/detan-lhr","","","","","","485753","62079","62079","9.200","","2426","482","5.033","71.758","Fairly Easy","3.024","1","3","","134","134","0","95.040","162","102","0","13","11","0","","","","","79dd0dd43cdf40dce0ddd0633ac0c5c6","0.073","","","","","en","1.1","","","","","","https://makeo.app/skinnsi/laser-hair-removal/select-service/detan-lhr","2026-09-16 02:58:50"
"https://makeo.app/_next/static/chunks/32823-e3b78d50bf3b92ff.js","application/javascript; charset=UTF-8","200","OK","Indexable","","","0","0","","0","0","","0","","0","","0","","0","","0","","","","","","","","","","","0","0","0","0.000","","0","","","","","0.000","1","3","","0","0","0","0.000","0","0","0","0","0","0","","","","","","0.021","Thu, 10 Sep 2026 17:32:43 GMT","","","","","1.1","","","","","","https://makeo.app/_next/static/chunks/32823-e3b78d50bf3b92ff.js","2026-09-16 02:58:51"
"https://makeo.app/_next/static/chunks/87821-b17c6c9af0708ede.js","application/javascript; charset=UTF-8","200","OK","Indexable","","","0","0","","0","0","","0","","0","","0","","0","","0","","","","","","","","","","","0","0","0","0.000","","0","","","","","0.000","1","3","","0","0","0","0.000","0","0","0","0","0","0","","","","","","0.039","Thu, 10 Sep 2026 17:32:43 GMT","","","","","1.1","","","","","","https://makeo.app/_next/static/chunks/87821-b17c6c9af0708ede.js","2026-09-16 02:58:51"
"https://makeo.app/toothsi/clear-aligners/check-eligibility/contact-information?utm_campaign=website_banners_sep25_productcomboandaligners&utm_medium=organic&utm_source=banner","text/html; charset=utf-8","200","OK","Non-Indexable","Canonicalised,noindex","Eligibility Check for Clear Aligners | toothsi by makeO","55","470","Complete basic details such as age, alignment issues, and more, for us to plan your smile makeover journey better.","114","702","","0","","0","","0","","0","","0","noindex, nofollow","noindex, nofollow","","","https://makeo.app/toothsi/clear-aligners/check-eligibility/contact-information","","","","","","287064","32303","32303","4.787","","433","132","3.280","43.488","Hard","1.001","1","3","","2","1","0","0.710","157","97","0","13","11","0","","","","","c00327d4f5849bcf49ed5f80c2e88f67","0.064","","","","","en","1.1","","","","","","https://makeo.app/toothsi/clear-aligners/check-eligibility/contact-information?utm_campaign=website_banners_sep25_productcomboandaligners&utm_medium=organic&utm_source=banner","2026-09-16 02:58:51"
"https://makeo.app/skinnsi/toning-get-started1","text/html; charset=utf-8","200","OK","Indexable","","Laser Toning for Skin Brightening | MakeO Skinnsi","49","443","Begin your skin brightening journey with Skinnsi by MakeO, providing a step by step procedure on the best laser toning treatment for glowing skin today.","152","935","","0","","0","","0","Real people, Real results","25","FAQs","4","","","","","https://makeo.app/skinnsi/toning-get-started1","","","","","","396889","52987","52987","7.853","","978","252","3.881","49.266","Hard","1.634","1","1","","134","134","0","95.040","118","76","0","13","11","0","","","","","9448f52b39fe352d1eca7e6f5d3486f7","0.042","","","","","en","1.1","","","","","","https://makeo.app/skinnsi/toning-get-started1","2026-09-16 02:58:51"
"https://makeo.app/blog/oral-care/types-braces-removable-vs-fixed-braces-everything-you-need-know","text/html; charset=utf-8","200","OK","Indexable","","Types of Braces: Removable vs Fixed Braces, Which Is Ideal For You?","67","610","There are 5 main types of braces out of which removable and fixed are the main braces types. Read on to find out the differences between the two at makeO toothsi","161","1007","types of braces, removable braces vs fixed braces, removable braces, fixed braces","81","Removable vs. Fixed Braces: Which One Should You Choose?","56","","0","What are Removable Braces?","26","What Are Fixed Braces?","22","","","","","https://makeo.app/blog/oral-care/types-braces-removable-vs-fixed-braces-everything-you-need-know","","","","","","605577","92365","92365","13.688","","2805","584","4.803","61.503","Normal","2.973","1","2","","10","4","0","2.840","200","106","0","17","15","0","","","","","8bfdbbcea1a7485ec63045d3dac9a759","0.037","","","","","en","1.1","","","","","","https://makeo.app/blog/oral-care/types-braces-removable-vs-fixed-braces-everything-you-need-know","2026-09-16 02:58:51"
"https://makeo.app/skinnsi/acne-treatment/select-service/chemical-peel-face","text/html; charset=utf-8","200","OK","Indexable","","What are Chemical Peels? All About Chemical Peel Treatment | skinnsi by makeO","77","725","Description: Chemical Peels: Know what skin peels are, how they work and treatment options with skinnsi by makeO. All at home! Visit skinnsi by makeO now!","154","967","","0","MakeO Face Peel","15","","0","What is makeO peel and how it helps?","36","Why choose skinnsi peel?","24","","","","","https://makeo.app/skinnsi/acne-treatment/select-service/chemical-peel-face","","","","","","357581","46128","46128","6.836","","1246","253","4.925","68.011","Normal","2.073","1","3","","279","139","0","98.580","157","97","0","13","11","0","","","","","3258e2d940e32f5e7e47280225d87fa8","0.103","","","","","en","1.1","","","","","","https://makeo.app/skinnsi/acne-treatment/select-service/chemical-peel-face","2026-09-16 02:58:51"
"https://makeo.app/toothsi/guwahati","text/html; charset=utf-8","200","OK","Indexable","","Best Dental Treatments in Guwahati","34","324","Looking for dental treatments in a trusted clinic in Guwahati? Check out advanced dental care with Toothsi dentists near you. Book your consultation today.","155","962","","0","Dental Treatments in Guwahati by Toothsi – Expert Care Near You","63","","0","How Does Dental Treatment Work at Toothsi?","42","Teeth Aligners Treatment in Guwahati: What You Need to Know","59","","","","","https://makeo.app/toothsi/guwahati","","","","","","429066","57434","57434","8.512","","1679","312","5.381","57.719","Fairly Hard","2.531","1","1","","142","141","0","100.000","182","103","0","16","13","0","","","","","38e9218b9c94f02f7b9dc040614c946e","0.050","","","","","en","1.1","","","","","","https://makeo.app/toothsi/guwahati","2026-09-16 02:58:52"
"https://makeo.app/toothsi/smilepreview/uploadpicture","text/html; charset=utf-8","200","OK","Indexable","","Toothsi Smilepreview Uploadpicture | Toothsi","44","404","","0","0","","0","","0","","0","See what your perfect smile would look like for free - in 20 seconds","68","","0","","","","","","","","","","","305556","35810","35810","5.307","","647","178","3.635","55.521","Fairly Hard","1.344","1","2","","182","134","0","95.040","157","97","0","13","11","0","","","","","3da3558f90e7e75c71e855c00f090203","0.030","","","","","en","1.1","","","","","","https://makeo.app/toothsi/smilepreview/uploadpicture","2026-09-16 02:58:52"
"https://makeo.app/skinnsi/laser-hair-removal/select-service/chest","text/html; charset=utf-8","200","OK","Indexable","","Chest Laser Hair Removal & Treatment at Home | makeO skinnsi","60","577","Book makeO skinnsi Chest Laser Hair removal at Home. We offer painless hair removal service at a cheap price. Book an appointment now!","134","855","","0","Chest Laser Hair Removal","24","","0","","0","real people, real results","25","","","","","https://makeo.app/skinnsi/laser-hair-removal/select-service/chest","","","","","","462003","55704","55704","8.255","","1559","386","4.039","76.297","Fairly Easy","2.044","1","3","","278","139","0","98.580","162","102","0","13","11","0","","","","","e4cb2abd2da51b62d78f1dbe10968d1e","0.061","","","","","en","1.1","","","","","","https://makeo.app/skinnsi/laser-hair-removal/select-service/chest","2026-09-16 02:58:52"
"https://makeo.app/_next/static/chunks/51959-96b8c7325a120a25.js","application/javascript; charset=UTF-8","200","OK","Indexable","","","0","0","","0","0","","0","","0","","0","","0","","0","","","","","","","","","","","0","0","0","0.000","","0","","","","","0.000","1","3","","0","0","0","0.000","0","0","0","0","0","0","","","","","","0.009","Thu, 10 Sep 2026 17:32:44 GMT","","","","","1.1","","","","","","https://makeo.app/_next/static/chunks/51959-96b8c7325a120a25.js","2026-09-16 02:58:52"
"https://makeo.app/_next/static/css/104d92fcc7ba23ed.css","text/css; charset=UTF-8","200","OK","Indexable","","","0","0","","0","0","","0","","0","","0","","0","","0","","","","","","","","","","","0","0","0","0.000","","0","","","","","0.000","1","3","","0","0","0","0.000","0","0","0","0","0","0","","","","","","0.007","Thu, 10 Sep 2026 17:32:44 GMT","","","","","1.1","","","","","","https://makeo.app/_next/static/css/104d92fcc7ba23ed.css","2026-09-16 02:58:52"
"https://makeo.app/skinnsi/permanent-laser-hair-removal-treatment/laser-hair-removal-cost","text/html; charset=utf-8","200","OK","Indexable","","Laser Hair Removal Cost & Packages at makeO","43","422","Understanding the laser hair removal cost in India: Get insights into laser hair reduction costs and make informed decisions for your hair removal journey with makeO skinnsi","173","1060","laser hair removal cost, laser hair reduction cost, hair laser treatment cost, laser hair removal charges","105","cost of laser hair removal","26","","0","laser hair removal pricing plans","32","","0","","","","","https://makeo.app/skinnsi/permanent-laser-hair-removal-treatment/laser-hair-removal-cost","","","","","","399892","51144","51144","7.580","","1192","277","4.303","68.115","Normal","1.803","1","2","","135","134","0","95.040","173","105","0","13","11","0","","","","","8eb15a39dd6a838b2496c482b0758973","0.006","","","","","en","1.1","","","","","","https://makeo.app/skinnsi/permanent-laser-hair-removal-treatment/laser-hair-removal-cost","2026-09-16 02:58:52"
"https://makeo.app/skinnsi/skin-care-products?category=HYDRATION","text/html; charset=utf-8","200","OK","Non-Indexable","Canonicalised","Skin Care Products: Buy Face Serums, Cream & More | makeO skinnsi","65","617","Skincare Products: With MakeO skinnsi's clinically approved ingredients and dermatologist-recommended products, see the version of you, you have been waiting for.","162","1016","""best skin care products in india, Skincare product, skincare kit""","66","shop by skin concerns","21","","0","why skinnsi?","12","more skincare for you","21","","","","","https://makeo.app/skinnsi/skin-care-products","","","","","","460752","54904","54904","8.137","","1302","401","3.247","79.109","Fairly Easy","1.666","1","1","","5","5","0","3.550","198","132","0","13","11","0","","","","","25ab334310f9fbe5920f7e4ffe8b0f44","0.035","","","","","en","1.1","","","","","","https://makeo.app/skinnsi/skin-care-products?category=HYDRATION","2026-09-16 02:58:52"
"https://makeo.app/toothsi/teeth-aligners/underbite-teeth-correction","text/html; charset=utf-8","200","OK","Indexable","","Underbite Teeth Correction with Aligners | Toothsi","50","445","Correct your underbite confidently with Toothsi clear aligners, designed to straighten teeth effectively and restore a healthy, radiant smile at home.","150","900","","0","what Is an underbite and how to treat it?","41","","0","underbite symptoms","18","before - after","14","","","","","https://makeo.app/toothsi/teeth-aligners/underbite-teeth-correction","","","","","","418612","52677","52677","7.807","","1458","274","5.321","61.885","Normal","2.150","1","2","","287","141","0","100.000","167","99","0","13","11","0","","","","","832522d6709fa719a3c80f60a1e8a018","0.029","","","","","en","1.1","","","","","","https://makeo.app/toothsi/teeth-aligners/underbite-teeth-correction","2026-09-16 02:58:52"
"https://makeo.app/skinnsi/dermafacial-at-home/select-service/facial-for-anti-aging-and-wrinkles","text/html; charset=utf-8","200","OK","Indexable","","Anti-Ageing Facial at Home for Wrinkles | makeO skinnsi","55","502","Book an appointment with makeO skinnsi for anti-aging facial and facial for wrinkles at home at low cost - we use hygienic equipment and dermatologist-trained therapist and dermatologist-approved solutions.","206","1289","","0","Anti-Ageing facial","18","","0","What is anti-ageing facial and how it helps?","44","Technology","10","","","","","https://makeo.app/skinnsi/dermafacial-at-home/select-service/facial-for-anti-aging-and-wrinkles","","","","","","382624","52954","52954","7.848","","2070","381","5.433","66.533","Normal","3.280","1","3","","286","139","0","98.580","157","97","0","13","11","0","","","","","3bf726683aa7c541b2b0116ffa713ced","0.107","","","","","en","1.1","","","","","","https://makeo.app/skinnsi/dermafacial-at-home/select-service/facial-for-anti-aging-and-wrinkles","2026-09-16 02:58:52"
"https://makeo.app/_next/static/chunks/82310-25f44b0fd8a9f527.js","application/javascript; charset=UTF-8","200","OK","Indexable","","","0","0","","0","0","","0","","0","","0","","0","","0","","","","","","","","","","","0","0","0","0.000","","0","","","","","0.000","1","3","","0","0","0","0.000","0","0","0","0","0","0","","","","","","0.032","Thu, 10 Sep 2026 17:32:44 GMT","","","","","1.1","","","","","","https://makeo.app/_next/static/chunks/82310-25f44b0fd8a9f527.js","2026-09-16 02:58:53"
"https://makeo.app/toothsi/products/allproducts","text/html; charset=utf-8","200","OK","Indexable","","Buy toothsi Oral Care All products | makeO toothsi","50","445","makeO toothsi is one stop platform for oral care products. Get Upto 50% with Big MakeOver Sale on electric toothbrush, teeth whitening pen, aligner essentials & more","165","1021","","0","shop all","8","","0","","0","","0","","","","","https://makeo.app/toothsi/products/allproducts","","","","","","377901","60538","60538","8.972","","808","237","3.409","55.743","Fairly Hard","1.505","1","2","","156","135","0","95.740","192","129","0","13","11","0","","","","","41f8aa015652ee898cc4380f4f734912","0.088","","","","","en","1.1","","","","","","https://makeo.app/toothsi/products/allproducts","2026-09-16 02:58:53"
"https://makeo.app/_next/static/chunks/1dd3208c-120e995d0508e53a.js","application/javascript; charset=UTF-8","200","OK","Indexable","","","0","0","","0","0","","0","","0","","0","","0","","0","","","","","","","","","","","0","0","0","0.000","","0","","","","","0.000","1","3","","0","0","0","0.000","0","0","0","0","0","0","","","","","","0.031","Thu, 10 Sep 2026 17:32:43 GMT","","","","","1.1","","","","","","https://makeo.app/_next/static/chunks/1dd3208c-120e995d0508e53a.js","2026-09-16 02:58:53"
"https://makeo.app/toothsi/gurgaon","text/html; charset=utf-8","200","OK","Indexable","","Toothsi Dental Clinic in Gurgaon & Teeth Aligners Treatment","59","538","Looking for a Toothsi Dental Clinic in Gurgaon? Get expert smile makeovers, teeth whitening, braces, teeth aligners treatment with professional orthodontist support.","165","1015","orthodontists in gurgaon, dental treatment in gurgaon, toothsi, toothsi gurgaon, dental clinic near me, toothsi near me","119","Toothsi Dental Clinic & Aligners Services in Gurgaon","52","","0","Services offered by Toothsi in Gurgaon","38","Before - After","14","","","","","https://makeo.app/toothsi/gurgaon","","","","","","541724","66314","66314","9.828","","1424","311","4.579","63.406","Normal","1.617","1","1","","158","141","0","100.000","222","124","0","13","11","0","","","","","d6edbdb01d9295825cde928b8eb2b726","0.029","","","","","en","1.1","","","","","","https://makeo.app/toothsi/gurgaon","2026-09-16 02:58:53"
"https://makeo.app/_next/static/chunks/webpack-7e47612ecd620615.js","application/javascript; charset=UTF-8","200","OK","Indexable","","","0","0","","0","0","","0","","0","","0","","0","","0","","","","","","","","","","","0","0","0","0.000","","0","","","","","0.000","1","3","","0","0","0","0.000","0","0","0","0","0","0","","","","","","0.010","Thu, 10 Sep 2026 17:32:43 GMT","","","","","1.1","","","","","","https://makeo.app/_next/static/chunks/webpack-7e47612ecd620615.js","2026-09-16 02:58:53"
"https://makeo.app/toothsi/products/allproducts?category=TOOTHSI_BUNDLES","text/html; charset=utf-8","200","OK","Non-Indexable","Canonicalised","Buy toothsi Oral Care Bundles products | makeO toothsi","54","493","Oral Care Bundles: Buy makeO toothsi's Electronic Toothbrush, Teeth Whitening Pen & other products here. Visit Now!","115","724","","0","shop all","8","","0","","0","","0","","","","","https://makeo.app/toothsi/products/allproducts","","","","","","377708","60510","60510","8.968","","808","237","3.409","55.743","Fairly Hard","1.505","1","2","","155","135","0","95.740","192","129","0","13","11","0","","","","","721e8484522c3d29d6e2a86ea45897b6","0.097","","","","","en","1.1","","","","","","https://makeo.app/toothsi/products/allproducts?category=TOOTHSI_BUNDLES","2026-09-16 02:58:53"
"https://makeo.app/_next/static/css/aac6644f8392e028.css","text/css; charset=UTF-8","200","OK","Indexable","","","0","0","","0","0","","0","","0","","0","","0","","0","","","","","","","","","","","0","0","0","0.000","","0","","","","","0.000","1","3","","0","0","0","0.000","0","0","0","0","0","0","","","","","","0.011","Thu, 10 Sep 2026 17:32:44 GMT","","","","","1.1","","","","","","https://makeo.app/_next/static/css/aac6644f8392e028.css","2026-09-16 02:58:53"
"https://makeo.app/skinnsi/hair-get-started1","text/html; charset=utf-8","200","OK","Indexable","","Hairfall Treatments & Benefits | MakeO Skinnsi","46","418","Kickstart your hair care routine with Skinnsi by MakeO, offering expert tips and treatments like PRP, mesotherapy, & more for stronger, healthier hair regrowth.","160","974","","0","","0","","0","What brought you here:","22","Proof, not promises.","20","","","","","https://makeo.app/skinnsi/hair-get-started1","","","","","","467781","60700","60700","8.996","","1367","320","4.272","56.074","Fairly Hard","1.907","1","1","","139","134","0","95.040","118","76","0","13","11","0","","","","","c4dce1e660d8997a0e91491a1e2ffdf7","0.037","","","","","en","1.1","","","","","","https://makeo.app/skinnsi/hair-get-started1","2026-09-16 02:58:53"
"https://makeo.app/skinnsi/laser-hair-removal/select-service/full-hands","text/html; charset=utf-8","200","OK","Indexable","","Full Hands Laser Hair Removal Treatment at Home | Big makeOver Sale","67","640","Book skinnsi by makeO most painless hands Laser Hair Removal service at Home and say bye to all your extra hair. Book an appointment now!","137","878","","0","Full Hands Laser Hair Removal","29","","0","","0","real people, real results","25","","","","","https://makeo.app/skinnsi/laser-hair-removal/select-service/full-hands","","","","","","504938","62977","62977","9.333","","2458","502","4.896","73.416","Fairly Easy","2.932","1","3","","278","139","0","98.580","162","102","0","13","11","0","","","","","644e1ab4795161d23ea20b6b98dd8a2e","0.085","","","","","en","1.1","","","","","","https://makeo.app/skinnsi/laser-hair-removal/select-service/full-hands","2026-09-16 02:58:53"
"https://makeo.app/skinnsi/skin-analysis/uploadpicture","text/html; charset=utf-8","200","OK","Indexable","","Skinnsi Skin Analysis Uploadpicture | Skinnsi","45","394","","0","0","","0","","0","","0","What's really ageing your skin?","31","","0","","","","","","","","","","","295632","34426","34426","5.102","","638","182","3.505","57.282","Fairly Hard","1.360","1","2","","143","134","0","95.040","157","97","0","13","11","0","","","","","93f7f8d9169650cf5c4e0d1879c0a44a","0.072","","","","","en","1.1","","","","","","https://makeo.app/skinnsi/skin-analysis/uploadpicture","2026-09-16 02:58:54"
"https://makeo.app/_next/static/chunks/91a64fe9-c4aede32ae35b3ca.js","application/javascript; charset=UTF-8","200","OK","Indexable","","","0","0","","0","0","","0","","0","","0","","0","","0","","","","","","","","","","","0","0","0","0.000","","0","","","","","0.000","1","3","","0","0","0","0.000","0","0","0","0","0","0","","","","","","0.006","Thu, 10 Sep 2026 17:32:43 GMT","","","","","1.1","","","","","","https://makeo.app/_next/static/chunks/91a64fe9-c4aede32ae35b3ca.js","2026-09-16 02:58:54"
"https://makeo.app/_next/static/css/de1439e818aa089c.css","text/css; charset=UTF-8","200","OK","Indexable","","","0","0","","0","0","","0","","0","","0","","0","","0","","","","","","","","","","","0","0","0","0.000","","0","","","","","0.000","1","3","","0","0","0","0.000","0","0","0","0","0","0","","","","","","0.018","Thu, 10 Sep 2026 17:32:44 GMT","","","","","1.1","","","","","","https://makeo.app/_next/static/css/de1439e818aa089c.css","2026-09-16 02:58:54"
"https://makeo.app/skinnsi/dermafacial-at-home/select-service/body-polishing","text/html; charset=utf-8","200","OK","Indexable","","Book Body Polishing & Get Up to 70% Off on Treatment Plans","58","542","Book Body Polishing Treatment for smoother, brighter-looking skin. Get up to 70% off on treatment plans, FREE consult & easy EMI options at MakeO.","146","922","Derma Polishing, Skin Polishing","31","Hydra Polishing","15","","0","What is derma polishing and how it helps?","41","Technology","10","","","","","https://makeo.app/skinnsi/dermafacial-at-home/select-service/body-polishing","","","","","","359678","47737","47737","7.075","","1522","299","5.090","57.426","Fairly Hard","2.693","1","3","","420","139","0","98.580","157","97","0","13","11","0","","","","","9a6c14f279a6418085eab33d5254f65c","0.113","","","","","en","1.1","","","","","","https://makeo.app/skinnsi/dermafacial-at-home/select-service/body-polishing","2026-09-16 02:58:54"
"https://makeo.app/_next/static/css/1f9534571c51c279.css","text/css; charset=UTF-8","200","OK","Indexable","","","0","0","","0","0","","0","","0","","0","","0","","0","","","","","","","","","","","0","0","0","0.000","","0","","","","","0.000","1","3","","0","0","0","0.000","0","0","0","0","0","0","","","","","","0.006","Thu, 10 Sep 2026 17:32:44 GMT","","","","","1.1","","","","","","https://makeo.app/_next/static/css/1f9534571c51c279.css","2026-09-16 02:58:55"
"https://makeo.app/_next/static/chunks/59908-220b06e5d83e5a4e.js","application/javascript; charset=UTF-8","200","OK","Indexable","","","0","0","","0","0","","0","","0","","0","","0","","0","","","","","","","","","","","0","0","0","0.000","","0","","","","","0.000","1","3","","0","0","0","0.000","0","0","0","0","0","0","","","","","","0.020","Thu, 10 Sep 2026 17:32:43 GMT","","","","","1.1","","","","","","https://makeo.app/_next/static/chunks/59908-220b06e5d83e5a4e.js","2026-09-16 02:58:55"
"https://makeo.app/_next/static/chunks/main-app-80304e4788ec2414.js","application/javascript; charset=UTF-8","200","OK","Indexable","","","0","0","","0","0","","0","","0","","0","","0","","0","","","","","","","","","","","480","480","480","0.071","","0","","","","","0.000","1","3","","0","0","0","0.000","0","0","0","0","0","0","","","","","","0.005","Thu, 10 Sep 2026 17:32:43 GMT","","","","","1.1","","","","","","https://makeo.app/_next/static/chunks/main-app-80304e4788ec2414.js","2026-09-16 02:58:55"
"https://makeo.app/toothsi/teeth-whitening-get-started1","text/html; charset=utf-8","200","OK","Non-Indexable","noindex","Toothsi Teeth Whitening Get Started1 | Toothsi","46","420","","0","0","","0","","0","","0","Real people, real smiles","24","Superior quality, affordable prices","35","noindex, nofollow","noindex, nofollow","","","","","","","","","455559","61820","61820","9.162","","1062","253","4.198","54.963","Fairly Hard","1.537","1","1","","22","21","0","14.890","122","80","0","13","11","0","","","","","ae05ba8dded29a5d874482e998426687","0.071","","","","","en","1.1","","","","","","https://makeo.app/toothsi/teeth-whitening-get-started1","2026-09-16 02:58:55"
"https://makeo.app/toothsi/products/63be5aacca80cb002a4e587f/toothsi-electro-i5-electric-toothbrush-blue","text/html; charset=utf-8","200","OK","Indexable","","Toothsi Electro i5 | Smart Electric Toothbrush | Blue","53","457","maintaining oral hygiene is easy peasy with the toothsi electro i5 smart electric brush. elevate your brushing experience from ordinary to smart with our sleek single-mode brush. It provides excellent ergonomics with a SONIC power of 22000 strokes/min, giving you a deep cleaning for your pearly whites and it’s intelligent timer lets you know when to switch sides, thus cleaning your teeth effectively. It is truly a smart brush! Buy our electric toothbrush today to get the smile you deserve.","494","2983","","0","Toothsi Electro i5 | Smart Electric Toothbrush | Blue","53","Toothsi Electro i5 | Smart Electric Toothbrush | Blue","53","","0","","0","","","","","https://makeo.app/toothsi/products/63be5aacca80cb002a4e587f/toothsi-electro-i5-electric-toothbrush-blue","","","","","","369185","63750","63750","9.448","","1369","287","4.770","68.203","Normal","2.271","1","3","","287","141","0","100.000","157","97","0","13","11","0","","","","","8ea3bb8a7f86f0f9a9ba8b9411299b7","0.159","","","","","en","1.1","","","","","","https://makeo.app/toothsi/products/63be5aacca80cb002a4e587f/toothsi-electro-i5-electric-toothbrush-blue","2026-09-16 02:58:55"
"https://makeo.app/skinnsi/advanced-skin-treatments","text/html; charset=utf-8","200","OK","Indexable","","Advanced Skin Treatments | MakeO Skinnsi","40","388","Explore Skinnsi by MakeO advanced skin treatments for rejuvenation, anti-aging, and acne, ensuring your skin looks radiant, youthful, and healthy.","146","899","","0","","0","","0","Real people. Real results","25","Products for skin care","22","","","","","https://makeo.app/skinnsi/advanced-skin-treatments","","","","","","619296","85458","85458","12.665","","4654","884","5.265","69.065","Normal","4.582","1","1","","4","1","0","0.710","186","112","0","15","11","0","","","","","a2a5ad5253ce3b755f73d425e7d82e50","0.045","","","","","en","1.1","","","","","","https://makeo.app/skinnsi/advanced-skin-treatments","2026-09-16 02:58:55"
"https://makeo.app/_next/static/chunks/23125-c1f9a551cb2e8d38.js","application/javascript; charset=UTF-8","200","OK","Indexable","","","0","0","","0","0","","0","","0","","0","","0","","0","","","","","","","","","","","0","0","0","0.000","","0","","","","","0.000","1","3","","0","0","0","0.000","0","0","0","0","0","0","","","","","","0.021","Thu, 10 Sep 2026 17:32:43 GMT","","","","","1.1","","","","","","https://makeo.app/_next/static/chunks/23125-c1f9a551cb2e8d38.js","2026-09-16 02:58:56"
"https://makeo.app/toothsi/products","","308","Permanent Redirect","Non-Indexable","Redirected","","0","0","","0","0","","0","","0","","0","","0","","0","","","","","","","","","","","0","0","0","0.000","","0","","","","","0.000","1","1","","141","141","0","100.000","0","0","0","0","0","0","","","","","","0.040","","https://makeo.app/toothsi/products/allproducts","HTTP Redirect","","","1.1","","","","","","https://makeo.app/toothsi/products","2026-09-16 02:58:56"
"https://makeo.app/_next/static/css/ecdf378e0a7e728a.css","text/css; charset=UTF-8","200","OK","Indexable","","","0","0","","0","0","","0","","0","","0","","0","","0","","","","","","","","","","","0","0","0","0.000","","0","","","","","0.000","1","3","","0","0","0","0.000","0","0","0","0","0","0","","","","","","0.035","Thu, 10 Sep 2026 17:32:44 GMT","","","","","1.1","","","","","","https://makeo.app/_next/static/css/ecdf378e0a7e728a.css","2026-09-16 02:58:56"
"https://makeo.app/toothsi/mumbai","text/html; charset=utf-8","404","Not Found","Non-Indexable","Client Error","","0","0","","0","0","","0","","0","","0","","0","","0","","","","","","","","","","","0","0","0","0.000","","0","","","","","0.000","1","1","","156","141","0","100.000","0","0","0","0","0","0","","","","","","0.059","","","","","","1.1","","","","","","https://makeo.app/toothsi/mumbai","2026-09-16 02:58:56"
"https://makeo.app/skinnsi","text/html; charset=utf-8","200","OK","Indexable","","makeO skinnsi: Laser Hair Removal, Facials, Skin Treatments & More","66","613","makeO skinnsi: Get dermatologists-backed services such as laser hair removal, facials and skin treatments at home or our experience centre near you. Visit now!","159","985","laser hair removal services, permanent hair removal at home, laser hair removal, facial hair removal for women, best hair removal for women, underarm hair removal, facial epilator","179","skin makeOver services","22","","0","laser hair reduction","20","hydra facial treatments","23","","","","","https://makeo.app/skinnsi","","","","","","641188","67860","67860","10.057","","1781","476","3.742","67.658","Normal","1.692","1","0","","142","136","0","96.450","192","106","0","14","12","0","","","","","d3dfd816bc028d33cb25bb098194a57b","0.006","","","","","en","1.1","","","","","","https://makeo.app/skinnsi","2026-09-16 02:58:55"
"https://makeo.app/terms-of-use","text/html; charset=utf-8","200","OK","Indexable","","Terms Of Use | MakeO","20","201","Get details on terms of use for makeO website. Check detailed descriptions on factors like ownership of website & it's related important must know  information here!","165","1010","","0","terms of use","12","","0","","0","","0","","","","","https://makeo.app/terms-of-use","","","","","","331910","48919","48919","7.250","","4177","572","7.302","54.163","Fairly Hard","7.914","1","0","","141","141","0","100.000","157","97","0","13","11","0","","","","","608a49ab99ad97480fcf61e9b13c8091","0.018","","","","","en","1.1","","","","","","https://makeo.app/terms-of-use","2026-09-16 02:58:56"
"https://makeo.app/skinnsi?utm_campaign=festiveoffer_sep25&utm_medium=organic&utm_source=banner","text/html; charset=utf-8","200","OK","Non-Indexable","Canonicalised","makeO skinnsi: Laser Hair Removal, Facials, Skin Treatments & More","66","613","makeO skinnsi: Get dermatologists-backed services such as laser hair removal, facials and skin treatments at home or our experience centre near you. Visit now!","159","985","laser hair removal services, permanent hair removal at home, laser hair removal, facial hair removal for women, best hair removal for women, underarm hair removal, facial epilator","179","skin makeOver services","22","","0","laser hair reduction","20","hydra facial treatments","23","","","","","https://makeo.app/skinnsi","","","","","","641188","67860","67860","10.057","","1781","476","3.742","67.658","Normal","1.692","1","0","","3","1","0","0.710","192","106","0","14","12","0","","","","","d3dfd816bc028d33cb25bb098194a57b","0.067","","","","","en","1.1","","","","","","https://makeo.app/skinnsi?utm_campaign=festiveoffer_sep25&utm_medium=organic&utm_source=banner","2026-09-16 02:58:56"
"https://makeo.app/_next/static/chunks/polyfills-42372ed130431b0a.js","application/javascript; charset=UTF-8","200","OK","Indexable","","","0","0","","0","0","","0","","0","","0","","0","","0","","","","","","","","","","","0","0","0","0.000","","0","","","","","0.000","1","3","","0","0","0","0.000","0","0","0","0","0","0","","","","","","0.029","Thu, 10 Sep 2026 17:32:44 GMT","","","","","1.1","","","","","","https://makeo.app/_next/static/chunks/polyfills-42372ed130431b0a.js","2026-09-16 02:58:56"
"https://makeo.app/skinnsi/skin-care-products?category=BRIGHTENING","text/html; charset=utf-8","200","OK","Non-Indexable","Canonicalised","Skin Care Products: Buy Face Serums, Cream & More | makeO skinnsi","65","617","Skincare Products: With MakeO skinnsi's clinically approved ingredients and dermatologist-recommended products, see the version of you, you have been waiting for.","162","1016","""best skin care products in india, Skincare product, skincare kit""","66","shop by skin concerns","21","","0","why skinnsi?","12","more skincare for you","21","","","","","https://makeo.app/skinnsi/skin-care-products","","","","","","460752","54904","54904","8.137","","1302","401","3.247","79.109","Fairly Easy","1.666","1","1","","5","5","0","3.550","198","132","0","13","11","0","","","","","25ab334310f9fbe5920f7e4ffe8b0f44","0.046","","","","","en","1.1","","","","","","https://makeo.app/skinnsi/skin-care-products?category=BRIGHTENING","2026-09-16 02:58:56"
"https://makeo.app/_next/static/chunks/5973d0a0-b4e0078d9f7b6e98.js","application/javascript; charset=UTF-8","200","OK","Indexable","","","0","0","","0","0","","0","","0","","0","","0","","0","","","","","","","","","","","0","0","0","0.000","","0","","","","","0.000","1","3","","0","0","0","0.000","0","0","0","0","0","0","","","","","","0.008","Thu, 10 Sep 2026 17:32:43 GMT","","","","","1.1","","","","","","https://makeo.app/_next/static/chunks/5973d0a0-b4e0078d9f7b6e98.js","2026-09-16 02:58:56"
"https://makeo.app/toothsi/teeth-aligners/forwardly-placed-teeth","text/html; charset=utf-8","200","OK","Indexable","","Get Clear Aligners for Forwardly Placed Teeth – From ₹70/day","60","553","Straighten forwardly placed teeth with Toothsi clear aligners starting at ₹52,999. Get expert guidance and book your FREE consultation today.","141","876","Front teeth coming forward
forward teeth
my upper teeth are forward
upper teeth forward
teeth coming forward
upper teeth are forward
braces for forward teeth
how to fix teeth that are pushed forward","198","Why Are My Upper Teeth Coming Forward? Causes, Symptoms & Treatment","67","","0","What are the Symptoms of Forwardly Placed Teeth?","48","What Causes Forwardly Placed Teeth?","35","","","","","https://makeo.app/toothsi/teeth-aligners/forwardly-placed-teeth","","","","","","413843","55027","55027","8.155","","1856","325","5.711","62.925","Normal","2.826","1","2","","19","17","0","12.060","171","100","0","13","11","0","","","","","cf434756fadcdff4f3f0eb79b436e4f0","0.016","","","","","en","1.1","","","","","","https://makeo.app/toothsi/teeth-aligners/forwardly-placed-teeth","2026-09-16 02:58:56"
"https://makeo.app/skinnsi/hydra-facial-treatment/select-service/prebridal","text/html; charset=utf-8","200","OK","Indexable","","Book Pre-Bridal Skin Package | FREE Consult & Up to 70% Off","59","539","Get ready for your big day with a personalised Pre-Bridal Package. Book your FREE consultation today and get up to 70% off on treatment plans with easy EMI options. Limited-time offer.","184","1146","Pre Bridal, Pre Bridal Skin Care","32","Pre-Bridal Skin care","20","","0","frequently asked questions","26","","0","","","","","https://makeo.app/skinnsi/hydra-facial-treatment/select-service/prebridal","","","","","","346634","45653","45653","6.766","","1345","277","4.856","64.031","Normal","2.426","1","3","","8","8","0","5.670","157","97","0","13","11","0","","","","","137f05786ff4ab3a0d5933e27bbb2575","0.062","","","","","en","1.1","","","","","","https://makeo.app/skinnsi/hydra-facial-treatment/select-service/prebridal","2026-09-16 02:58:56"
"https://makeo.app/_next/static/chunks/24263-ede25fcdb24258a0.js","application/javascript; charset=UTF-8","200","OK","Indexable","","","0","0","","0","0","","0","","0","","0","","0","","0","","","","","","","","","","","0","0","0","0.000","","0","","","","","0.000","1","3","","0","0","0","0.000","0","0","0","0","0","0","","","","","","0.036","Thu, 10 Sep 2026 17:32:43 GMT","","","","","1.1","","","","","","https://makeo.app/_next/static/chunks/24263-ede25fcdb24258a0.js","2026-09-16 02:58:57"
"https://makeo.app/_next/static/chunks/app/not-found-f38e84185133ffe6.js","application/javascript; charset=UTF-8","200","OK","Indexable","","","0","0","","0","0","","0","","0","","0","","0","","0","","","","","","","","","","","0","0","0","0.000","","0","","","","","0.000","1","4","","0","0","0","0.000","0","0","0","0","0","0","","","","","","0.032","Thu, 10 Sep 2026 17:32:43 GMT","","","","","1.1","","","","","","https://makeo.app/_next/static/chunks/app/not-found-f38e84185133ffe6.js","2026-09-16 02:58:57"
"https://makeo.app/skinnsi/hydra-facial-treatment","text/html; charset=utf-8","200","OK","Indexable","","Hydrafacial Price, at Home Treatment & Benefits | makeO skinnsi","63","580","Hydrafacial treatment at home - makeO skinnsi offers dermatologists-backed Hydrafacial treatment to rejuvenate & pamper your skin at the best price. Book an appointment now!","173","1100","","0","makeO hydra facial","18","","0","choose a hydra facial solution","30","Why choose makeO(formerly skinnsi)?","35","","","","","https://makeo.app/skinnsi/hydra-facial-treatment","","","","","","441819","54448","54448","8.069","","2456","428","5.738","64.741","Normal","3.321","1","1","","563","141","0","100.000","160","99","0","14","12","0","","","","","ce32309cde8618f2d5eb6c8d5a0df8c8","0.016","","","","","en","1.1","","","","","","https://makeo.app/skinnsi/hydra-facial-treatment","2026-09-16 02:58:57"
"https://makeo.app/_next/static/chunks/app/layout-08d85e1efdaffe68.js","application/javascript; charset=UTF-8","200","OK","Indexable","","","0","0","","0","0","","0","","0","","0","","0","","0","","","","","","","","","","","0","0","0","0.000","","0","","","","","0.000","1","4","","0","0","0","0.000","0","0","0","0","0","0","","","","","","0.015","Thu, 10 Sep 2026 17:32:43 GMT","","","","","1.1","","","","","","https://makeo.app/_next/static/chunks/app/layout-08d85e1efdaffe68.js","2026-09-16 02:58:57"
"https://makeo.app/skinnsi/dermafacial-at-home/select-service/facial-for-acne-prone-oily-skin","text/html; charset=utf-8","200","OK","Indexable","","Facial for Oily Skin & Acne-Prone Skin at Home | makeO skinnsi","62","561","Book an appointment with makeO skinnsi for facials for oily skin and acne-prone skin at home at low cost - we use hygienic equipment and dermatologist-trained therapist and dermatologist-approved solutions.","206","1292","","0","Oil Control facial","18","","0","what is oil control facial and how it helps?","44","Technology","10","","","","","https://makeo.app/skinnsi/dermafacial-at-home/select-service/facial-for-acne-prone-oily-skin","","","","","","367601","49295","49295","7.306","","1704","321","5.308","66.405","Normal","2.804","1","3","","287","139","0","98.580","157","97","0","13","11","0","","","","","cbcd83705233a7da8ecfcfbfe2ea35a","0.122","","","","","en","1.1","","","","","","https://makeo.app/skinnsi/dermafacial-at-home/select-service/facial-for-acne-prone-oily-skin","2026-09-16 02:58:58"
"https://makeo.app/skinnsi/laser-hair-removal/select-service/bikini","text/html; charset=utf-8","200","OK","Indexable","","Bikini Laser Hair Removal Treatment at Home | makeO skinnsi","59","556","Get skinnsi by makeO Bikini laser treatment for painless bikini hair removal at home. Book an appointment with skinnsi by makeO now!","132","827","","0","Bikini Laser Hair Removal","25","","0","","0","real people, real results","25","","","","","https://makeo.app/skinnsi/laser-hair-removal/select-service/bikini","","","","","","486160","60100","60100","8.907","","2051","445","4.609","72.885","Fairly Easy","2.553","1","3","","412","139","0","98.580","162","102","0","13","11","0","","","","","6abe3735688f4914767613e953ce52a7","0.067","","","","","en","1.1","","","","","","https://makeo.app/skinnsi/laser-hair-removal/select-service/bikini","2026-09-16 02:58:58"
"https://makeo.app/toothsi/doctor-partners?firstName=&lastName=&mobile=&partnerIntentOptions=","text/html; charset=utf-8","200","OK","Non-Indexable","Canonicalised","Doctor Partners","15","141","Doctor Partners","15","99","doctorPartners","14","","0","","0","","0","","0","","","","","https://makeo.app/toothsi/doctor-partners","","","","","","365145","49322","49322","7.310","","495","149","3.322","45.885","Hard","0.900","1","1","","134","134","0","95.040","157","97","0","13","11","0","","","","","27f952fcf8824a31bf4ae4cb105ca1d5","0.033","","","","","en","1.1","","","","","","https://makeo.app/toothsi/doctor-partners?firstName=&lastName=&mobile=&partnerIntentOptions=","2026-09-16 02:58:58"
"https://makeo.app/toothsi/noida","text/html; charset=utf-8","200","OK","Indexable","","Toothsi Dental Clinic in Noida: Teeth Aligners Treatment","56","502","Looking for Toothsi Dental Clinic in Noida? Get expert smile makeovers, teeth whitening, scaling, braces and teeth aligner treatment with expert dentist support.","161","980","orthodontists in noida , dental treatment in noida, toothsi, toothsi noida, dental clinic near me, toothsi near me","114","Toothsi Dental Clinic & Teeth Aligner Services in Noida","55","","0","Services Offered by Toothsi in Noida","36","Before - After","14","","","","","https://makeo.app/toothsi/noida","","","","","","601696","73156","73156","10.842","","1680","415","4.048","69.733","Normal","1.677","1","1","","158","141","0","100.000","226","120","0","18","16","0","","","","","a5686f5b83501ae81a17585142316490","0.031","","","","","en","1.1","","","","","","https://makeo.app/toothsi/noida","2026-09-16 02:58:59"
"https://makeo.app/toothsi/dental-treatment-get-started1","text/html; charset=utf-8","200","OK","Indexable","","Transform Your Smile with Expert Dental Care","44","411","Transform your smile with expert dental care. Fix Crooked Teeth, Gaps, Yellowing, Bite Issues or Gum Problems with Guaranteed Results.","134","842","","0","","0","","0","Preventive dental treatments","28","Advanced dental treatments","26","","","","","https://makeo.app/toothsi/dental-treatment-get-started1","","","","","","543813","70146","70146","10.396","","1393","414","3.365","55.840","Fairly Hard","1.697","1","1","","7","2","0","1.420","123","76","0","18","16","0","","","","","e99887322d8ad5d1cc1abc19331663d4","0.029","","","","","en","1.1","","","","","","https://makeo.app/toothsi/dental-treatment-get-started1","2026-09-16 02:58:59"
"https://makeo.app/skinnsi/skin-care-products?category=ANTI_AGEING","text/html; charset=utf-8","200","OK","Non-Indexable","Canonicalised","Skin Care Products: Buy Face Serums, Cream & More | makeO skinnsi","65","617","Skincare Products: With MakeO skinnsi's clinically approved ingredients and dermatologist-recommended products, see the version of you, you have been waiting for.","162","1016","""best skin care products in india, Skincare product, skincare kit""","66","shop by skin concerns","21","","0","why skinnsi?","12","more skincare for you","21","","","","","https://makeo.app/skinnsi/skin-care-products","","","","","","460752","54904","54904","8.137","","1302","401","3.247","79.109","Fairly Easy","1.666","1","1","","4","4","0","2.840","198","132","0","13","11","0","","","","","25ab334310f9fbe5920f7e4ffe8b0f44","0.032","","","","","en","1.1","","","","","","https://makeo.app/skinnsi/skin-care-products?category=ANTI_AGEING","2026-09-16 02:58:59"
"https://makeo.app/_next/static/chunks/2729-5f6bda1c2a74fc73.js","application/javascript; charset=UTF-8","200","OK","Indexable","","","0","0","","0","0","","0","","0","","0","","0","","0","","","","","","","","","","","0","0","0","0.000","","0","","","","","0.000","1","3","","0","0","0","0.000","0","0","0","0","0","0","","","","","","0.008","Thu, 10 Sep 2026 17:32:43 GMT","","","","","1.1","","","","","","https://makeo.app/_next/static/chunks/2729-5f6bda1c2a74fc73.js","2026-09-16 02:58:59"
"https://makeo.app/_next/static/css/1356a64e48b80699.css","text/css; charset=UTF-8","200","OK","Indexable","","","0","0","","0","0","","0","","0","","0","","0","","0","","","","","","","","","","","0","0","0","0.000","","0","","","","","0.000","1","3","","0","0","0","0.000","0","0","0","0","0","0","","","","","","0.016","Thu, 10 Sep 2026 17:32:44 GMT","","","","","1.1","","","","","","https://makeo.app/_next/static/css/1356a64e48b80699.css","2026-09-16 02:58:59"
"https://makeo.app/_next/static/css/9f4f342da5608bf7.css","text/css; charset=UTF-8","200","OK","Indexable","","","0","0","","0","0","","0","","0","","0","","0","","0","","","","","","","","","","","0","0","0","0.000","","0","","","","","0.000","1","3","","0","0","0","0.000","0","0","0","0","0","0","","","","","","0.030","Thu, 10 Sep 2026 17:32:44 GMT","","","","","1.1","","","","","","https://makeo.app/_next/static/css/9f4f342da5608bf7.css","2026-09-16 02:58:59"
"https://makeo.app/toothsi/teeth-aligners/crowded-teeth","text/html; charset=utf-8","200","OK","Indexable","","Buy Clear Aligners for Crowded Teeth | Starting @₹1,499/month","61","566","Treat crowded teeth with Toothsi clear aligners starting at ₹52,999. Get expert guidance, flexible EMI options and a FREE consultation to get started.","150","914","crowded teeth
teeth crowding treatment
crowded teeth braces
crowded teeth before and after braces
crowded teeth braces before after
severe crowding teeth","153","Fix Crowded Teeth with Toothsi Clear Teeth Braces","49","","0","What Causes Crowded or Overlapping Teeth?","41","How Clear Aligners Fix Mild, Moderate or Severely Crowded Teeth?","64","","","","","https://makeo.app/toothsi/teeth-aligners/crowded-teeth","","","","","","427735","59467","59467","8.813","","2843","458","6.207","64.722","Normal","4.204","1","2","","302","141","0","100.000","171","98","0","13","11","0","","","","","55f401b56f295aef07db0eb1add64d3d","0.030","","","","","en","1.1","","","","","","https://makeo.app/toothsi/teeth-aligners/crowded-teeth","2026-09-16 02:58:59"
"https://makeo.app/_next/static/css/b17374a02870c7f5.css","text/css; charset=UTF-8","200","OK","Indexable","","","0","0","","0","0","","0","","0","","0","","0","","0","","","","","","","","","","","0","0","0","0.000","","0","","","","","0.000","1","3","","0","0","0","0.000","0","0","0","0","0","0","","","","","","0.016","Thu, 10 Sep 2026 17:32:44 GMT","","","","","1.1","","","","","","https://makeo.app/_next/static/css/b17374a02870c7f5.css","2026-09-16 02:59:00"
"https://makeo.app/skinnsi/skin-care-products?category=ACNE","text/html; charset=utf-8","200","OK","Non-Indexable","Canonicalised","Skin Care Products: Buy Face Serums, Cream & More | makeO skinnsi","65","617","Skincare Products: With MakeO skinnsi's clinically approved ingredients and dermatologist-recommended products, see the version of you, you have been waiting for.","162","1016","""best skin care products in india, Skincare product, skincare kit""","66","shop by skin concerns","21","","0","why skinnsi?","12","more skincare for you","21","","","","","https://makeo.app/skinnsi/skin-care-products","","","","","","460752","54904","54904","8.137","","1302","401","3.247","79.109","Fairly Easy","1.666","1","1","","5","5","0","3.550","198","132","0","13","11","0","","","","","25ab334310f9fbe5920f7e4ffe8b0f44","0.022","","","","","en","1.1","","","","","","https://makeo.app/skinnsi/skin-care-products?category=ACNE","2026-09-16 02:59:00"
"https://makeo.app/skinnsi/dermafacial-at-home/select-service/facial-for-dry-skin","text/html; charset=utf-8","200","OK","Indexable","","Facial for Dry Skin at Home | makeO skinnsi","43","388","Book an appointment with makeO skinnsi for a facial for dry skin at home at a low cost - we use hygienic equipment and dermatologist-trained therapist and dermatologist-approved solutions.","188","1178","","0","Ultra Hydrating facial","22","","0","What is hydra-facial and how it helps?","38","Technology","10","","","","","https://makeo.app/skinnsi/dermafacial-at-home/select-service/facial-for-dry-skin","","","","","","363341","48472","48472","7.184","","1504","320","4.700","64.477","Normal","2.525","1","3","","286","139","0","98.580","158","97","0","13","11","0","","","","","a392bca0722f214489590c2879a98875","0.053","","","","","en","1.1","","","","","","https://makeo.app/skinnsi/dermafacial-at-home/select-service/facial-for-dry-skin","2026-09-16 02:59:00"
"https://makeo.app/toothsi/pr","text/html; charset=utf-8","200","OK","Indexable","","News Coverage","13","140","We love making people smile. This time around, we are smiling! Because of your love, we have been growing, smile after smile.","125","769","/pr","3","News Coverage","13","","0","","0","","0","","","","","https://makeo.app/toothsi/pr","","","","","","433619","44005","44005","6.522","","890","215","4.140","72.216","Fairly Easy","1.284","1","1","","282","141","0","100.000","157","97","0","13","11","0","","","","","fe621eba67e3eee30b34c0767b097651","0.058","","","","","en","1.1","","","","","","https://makeo.app/toothsi/pr","2026-09-16 02:59:00"
"https://makeo.app/toothsi/nagpur","text/html; charset=utf-8","200","OK","Indexable","","Best Dental Treatments in Nagpur","32","304","Looking for dental treatments in a trusted clinic in Nagpur? Check out advanced dental care with Toothsi dentists near you. Book your consultation today.","153","948","","0","Dental Treatments in Nagpur by Toothsi – Expert Care Near You","61","","0","How Does Dental Treatment Work at Toothsi?","42","Teeth Aligners Treatment in Nagpur: What You Need to Know","57","","","","","https://makeo.app/toothsi/nagpur","","","","","","428858","57427","57427","8.511","","1679","312","5.381","58.928","Fairly Hard","2.527","1","1","","142","141","0","100.000","182","103","0","16","13","0","","","","","12f4dda6086ad5ce939fad72d0b45807","0.065","","","","","en","1.1","","","","","","https://makeo.app/toothsi/nagpur","2026-09-16 02:59:00"
"https://makeo.app/_next/static/chunks/33825-084bb4f042fe7a69.js","application/javascript; charset=UTF-8","200","OK","Indexable","","","0","0","","0","0","","0","","0","","0","","0","","0","","","","","","","","","","","0","0","0","0.000","","0","","","","","0.000","1","3","","0","0","0","0.000","0","0","0","0","0","0","","","","","","0.034","Thu, 10 Sep 2026 17:32:43 GMT","","","","","1.1","","","","","","https://makeo.app/_next/static/chunks/33825-084bb4f042fe7a69.js","2026-09-16 02:59:00"
"https://makeo.app/toothsi/technical-doc","text/html; charset=utf-8","200","OK","Indexable","","Technical Doc","13","125","Technical Doc","13","86","Technical Doc","13","technical document","18","","0","","0","","0","","","","","https://makeo.app/toothsi/technical-doc","","","","","","310019","38222","38222","5.665","","1742","314","5.548","64.591","Normal","3.432","1","1","","141","141","0","100.000","159","97","0","13","11","0","","","","","ad2eedd05ba0eaa17253886c22437795","0.031","","","","","en","1.1","","","","","","https://makeo.app/toothsi/technical-doc","2026-09-16 02:59:00"
"https://makeo.app/toothsi/faridabad","text/html; charset=utf-8","200","OK","Indexable","","Best Dental Treatments in Faridabad","35","328","Looking for dental treatments in a trusted clinic in Faridabad? Check out advanced dental care with Toothsi dentists near you. Book your consultation today.","156","965","","0","Dental Treatments in Faridabad by Toothsi – Expert Care Near You","64","","0","How Does Dental Treatment Work at Toothsi?","42","Teeth Aligners Treatment in Faridabad: What You Need to Know","60","","","","","https://makeo.app/toothsi/faridabad","","","","","","429170","57440","57440","8.513","","1679","312","5.381","57.719","Fairly Hard","2.533","1","1","","142","141","0","100.000","182","103","0","16","13","0","","","","","845a3557ab29a09a160ef14aaf5b7860","0.030","","","","","en","1.1","","","","","","https://makeo.app/toothsi/faridabad","2026-09-16 02:59:01"
"https://makeo.app/toothsi/teeth-aligners/deep-bite-teeth-correction","text/html; charset=utf-8","200","OK","Indexable","","Correct Deep Bite with Clear Aligners – Starting ₹1,499/month","61","553","Correct deep bite with clear aligners at Toothsi. Understand your treatment options and book a FREE orthodontist consultation to get started.","141","873","deep bite, deep bite teeth, deep bite correction, deep bite treatment","69","What is a Deep Bite? Meaning, Symptoms & Dental Impact","54","","0","Deep Bite Treatment & Correction – A Complete Guide","51","Deep Bite Correction With Toothsi Teeth Aligners & Braces","57","","","","","https://makeo.app/toothsi/teeth-aligners/deep-bite-teeth-correction","","","","","","474465","62787","62787","9.305","","2252","381","5.911","63.379","Normal","2.953","1","2","","299","141","0","100.000","177","100","0","13","11","0","","","","","a024bdac0e14860c088340ea0064b972","0.030","","","","","en","1.1","","","","","","https://makeo.app/toothsi/teeth-aligners/deep-bite-teeth-correction","2026-09-16 02:59:01"
"https://makeo.app/_next/static/css/306bc4488db561b2.css","text/css; charset=UTF-8","200","OK","Indexable","","","0","0","","0","0","","0","","0","","0","","0","","0","","","","","","","","","","","0","0","0","0.000","","0","","","","","0.000","1","3","","0","0","0","0.000","0","0","0","0","0","0","","","","","","0.008","Thu, 10 Sep 2026 17:32:44 GMT","","","","","1.1","","","","","","https://makeo.app/_next/static/css/306bc4488db561b2.css","2026-09-16 02:59:01"
"https://makeo.app/_next/static/chunks/52464-e38eda1ca9de9639.js","application/javascript; charset=UTF-8","200","OK","Indexable","","","0","0","","0","0","","0","","0","","0","","0","","0","","","","","","","","","","","0","0","0","0.000","","0","","","","","0.000","1","3","","0","0","0","0.000","0","0","0","0","0","0","","","","","","0.024","Thu, 10 Sep 2026 17:32:44 GMT","","","","","1.1","","","","","","https://makeo.app/_next/static/chunks/52464-e38eda1ca9de9639.js","2026-09-16 02:59:01"
"https://makeo.app/_next/static/chunks/33130-fdfb8d7d9ac6219d.js","application/javascript; charset=UTF-8","200","OK","Indexable","","","0","0","","0","0","","0","","0","","0","","0","","0","","","","","","","","","","","0","0","0","0.000","","0","","","","","0.000","1","3","","0","0","0","0.000","0","0","0","0","0","0","","","","","","0.016","Thu, 10 Sep 2026 17:32:44 GMT","","","","","1.1","","","","","","https://makeo.app/_next/static/chunks/33130-fdfb8d7d9ac6219d.js","2026-09-16 02:59:01"
"https://makeo.app/toothsi/smilepreview/uploadpicture?utm_campaign=website_banners&utm_medium=organic&utm_source=banner","text/html; charset=utf-8","200","OK","Indexable","","Toothsi Smilepreview Uploadpicture | Toothsi","44","404","","0","0","","0","","0","","0","See what your perfect smile would look like for free - in 20 seconds","68","","0","","","","","","","","","","","305556","35810","35810","5.307","","647","178","3.635","55.521","Fairly Hard","1.344","1","2","","1","1","0","0.710","157","97","0","13","11","0","","","","","3da3558f90e7e75c71e855c00f090203","0.040","","","","","en","1.1","","","","","","https://makeo.app/toothsi/smilepreview/uploadpicture?utm_campaign=website_banners&utm_medium=organic&utm_source=banner","2026-09-16 02:59:01"
"https://makeo.app/skinnsi/permanent-laser-hair-removal-treatment","text/html; charset=utf-8","200","OK","Indexable","","Permanent Laser Hair Removal: The Complete Guide on Treatment | makeO","69","679","Laser Hair Removal Treatment: Learn what laser hair removal is, how it works, and all the other details at makeO. Visit now!","124","758","","0","","0","","0","how does laser hair reduction work?","35","how does laser work?","20","","","","","https://makeo.app/skinnsi/permanent-laser-hair-removal-treatment","","","","","","602215","76796","76796","11.381","","2636","566","4.657","71.357","Fairly Easy","2.643","1","1","","281","139","0","98.580","185","105","0","18","16","0","","","","","247b6cefbfc777d95b085ff11dfa858","0.055","","","","","en","1.1","","","","","","https://makeo.app/skinnsi/permanent-laser-hair-removal-treatment","2026-09-16 02:59:01"
"https://makeo.app/_next/static/chunks/52322-cf34ba9f7fc1242e.js","application/javascript; charset=UTF-8","200","OK","Indexable","","","0","0","","0","0","","0","","0","","0","","0","","0","","","","","","","","","","","0","0","0","0.000","","0","","","","","0.000","1","3","","0","0","0","0.000","0","0","0","0","0","0","","","","","","0.021","Thu, 10 Sep 2026 17:32:43 GMT","","","","","1.1","","","","","","https://makeo.app/_next/static/chunks/52322-cf34ba9f7fc1242e.js","2026-09-16 02:59:01"
"https://makeo.app/toothsi/bangalore","text/html; charset=utf-8","200","OK","Indexable","","Toothsi Bangalore: Orthodontic & Aligners Treatment","51","472","Looking for Toothsi clinic in Bangalore? Get expert smile makeovers, 3D scans, and personalized aligner treatments with professional orthodontist support.","154","955","orthodontists in bangalore, dental treatment in bangalore, toothsi, toothsi bangalore, dental clinic near me, toothsi near me","125","Toothsi Dental Clinic & Services in Bangalore","45","","0","Before - After","14","","0","","","","","https://makeo.app/toothsi/bangalore","","","","","","597352","72514","72514","10.747","","1677","416","4.031","68.150","Normal","1.713","1","1","","162","141","0","100.000","226","118","0","18","16","0","","","","","dd2903835ce468d424007d83c13d5250","0.028","","","","","en","1.1","","","","","","https://makeo.app/toothsi/bangalore","2026-09-16 02:59:01"
"https://makeo.app/skinnsi/hair-fall-treatment","text/html; charset=utf-8","200","OK","Indexable","","Get Best Hair Fall Treatment | Advanced Solutions at MakeO","58","538","Struggling with hair fall? Explore advanced hair fall treatment options at MakeO including PRP, GFC, scalp analysis, and personalized hair loss solutions by experts.","165","1003","","0","Hair Fall Treatment: Causes, Symptoms & Best Solutions","54","","0","What are the Common Causes of Hair Fall in Men and Women?","57","What Are The Signs and Symptoms of Excessive Hair Fall?","55","","","","","https://makeo.app/skinnsi/hair-fall-treatment","","","","","","430481","60797","60797","9.010","","3472","526","6.601","63.952","Normal","5.063","1","1","","143","134","0","95.040","164","98","0","13","11","0","","","","","596f2e8fac0d8416f15fb5089dae8a08","0.030","","","","","en","1.1","","","","","","https://makeo.app/skinnsi/hair-fall-treatment","2026-09-16 02:59:02"
"https://makeo.app/toothsi/","","308","Permanent Redirect","Non-Indexable","Redirected","","0","0","","0","0","","0","","0","","0","","0","","0","","","","","","","","","","","0","0","0","0.000","","0","","","","","0.000","1","1","","177","141","0","100.000","0","0","0","0","0","0","","","","","","0.032","","https://makeo.app/toothsi","HTTP Redirect","","","1.1","","","","","","https://makeo.app/toothsi/","2026-09-16 02:59:02"
"https://makeo.app/toothsi/my-account","text/html; charset=utf-8","200","OK","Non-Indexable","noindex","My Smile Journey","16","158","My Smile Journey","16","109","","0","","0","","0","","0","","0","noindex, nofollow","noindex, nofollow","","","https://makeo.app/toothsi/my-account","","","","","","486353","62865","62865","9.317","","433","132","3.280","43.684","Hard","0.590","1","1","","3","2","0","1.420","157","97","0","13","11","0","","","","","6d90661d57949c6c74b3c335302b4125","0.006","","","","","en","1.1","","","","","","https://makeo.app/toothsi/my-account","2026-09-16 02:59:02"
"https://makeo.app/_next/static/css/05a8dbee3b59e5ac.css","text/css; charset=UTF-8","200","OK","Indexable","","","0","0","","0","0","","0","","0","","0","","0","","0","","","","","","","","","","","0","0","0","0.000","","0","","","","","0.000","1","3","","0","0","0","0.000","0","0","0","0","0","0","","","","","","0.026","Thu, 10 Sep 2026 17:32:44 GMT","","","","","1.1","","","","","","https://makeo.app/_next/static/css/05a8dbee3b59e5ac.css","2026-09-16 02:59:02"
"https://makeo.app/toothsi/ahmedabad","text/html; charset=utf-8","200","OK","Indexable","","Best Dental Clinic in Ahmedabad | Toothsi Dentists Near You","59","539","Looking for a trusted dental clinic in Ahmedabad? Check out advanced dental care with Toothsi dentists near you. Book your consultation today.","142","891","dental clinic near me
best dental clinic near me
dental clinic near by me
dentist near me
best dentist near me
dentist near me open now
top rated dentist near me
best paediatric dentist near me","193","Looking for a Dental Clinic in Ahmedabad?","41","","0","Why Choose Toothsi Dental Clinic in Ahmedabad?","46","Dental Services Offered at Toothsi Dental Clinic in Ahmedabad","61","","","","","https://makeo.app/toothsi/ahmedabad","","","","","","531340","71528","71528","10.600","","1941","383","5.068","58.860","Fairly Hard","2.336","1","1","","142","141","0","100.000","188","104","0","14","12","0","","","","","76012ee9e48cc39d4baddb1f0658f7f7","0.043","","","","","en","1.1","","","","","","https://makeo.app/toothsi/ahmedabad","2026-09-16 02:59:02"
"https://makeo.app/skinnsi/laser-hair-removal/select-service/underarms","text/html; charset=utf-8","200","OK","Indexable","","Underarm Laser Hair Removal Treatment at Home | makeO skinnsi","61","597","Book makeO skinnsi Underarm Laser Hair removal at Home and say good bye to all your unwanted hair. Book an appointment now!","123","810","","0","Underarms Laser Hair Removal","28","","0","","0","real people, real results","25","","","","","https://makeo.app/skinnsi/laser-hair-removal/select-service/underarms","","","","","","505921","62854","62854","9.315","","2451","502","4.882","73.167","Fairly Easy","2.918","1","3","","412","139","0","98.580","162","102","0","13","11","0","","","","","82f01c3f9fc394bad2599753b0e1be2e","0.070","","","","","en","1.1","","","","","","https://makeo.app/skinnsi/laser-hair-removal/select-service/underarms","2026-09-16 02:59:02"
"https://makeo.app/toothsi/delhi","text/html; charset=utf-8","200","OK","Indexable","","Toothsi Dental Clinic in Delhi | Dentist Led Treatment","54","472","Looking for Dental clinic in Delhi? Get expert smile makeovers, teeth whitening, scaling, braces & teeth aligner treatment with professional dentist support.","157","944","toothsi near me, toothsi in delhi, toothsi clinic near me, orthodontists in delhi, orthodontists near me","104","Toothsi Dental Clinic & Aligners Services in Delhi","50","","0","Services Offered by Toothsi in Delhi","36","Before - After","14","","","","","https://makeo.app/toothsi/delhi","","","","","","606767","71725","71725","10.630","","1585","414","3.829","69.511","Normal","1.564","1","1","","154","141","0","100.000","270","154","0","19","17","0","","","","","83ff8837278b1e46d403d0f6d0a5a306","0.008","","","","","en","1.1","","","","","","https://makeo.app/toothsi/delhi","2026-09-16 02:59:03"
"https://makeo.app/toothsi","text/html; charset=utf-8","200","OK","Indexable","","Clear Aligners & Invisible Teeth Braces | makeO Toothsi","55","494","Get your teeth straightening with our safe, effective, and easy-to-use aligners. Straighten your teeth with FDA-approved aligners from MakeO Toothsi.","149","920","aligners
teeth aligners
Tooth aligners
invisible braces
invisible teeth braces
invisible dental braces
invisible mouth braces
braces that are invisible
clear aligners
transparent aligners
clear braces
transparent braces
transparent teeth braces
clear dental braces
invisible aligners
teeth alignment
dental aligners
invisible teeth aligners
clear teeth aligners
aligners near me
Aligners for teeth
clear aligners for teeth
transparent teeth aligners","449","Toothsi Teeth Aligners for Adults, Teens & Kids","47","","0","Real People, Real Smiles","24","Discover your perfect smile with AI","35","","","","","https://makeo.app/toothsi","","","","","","812008","107690","107690","15.960","","3466","720","4.814","60.916","Normal","2.756","1","0","","544","141","0","100.000","180","100","0","14","12","0","","","","","e9968a25c044ee85ece66093709dffcb","0.006","","","","","en","1.1","","","","","","https://makeo.app/toothsi","2026-09-16 02:59:02"
"https://makeo.app/skinnsi/skinnsi-reviews","text/html; charset=utf-8","200","OK","Indexable","","MakeO (formerly skinnsi) - Google & Customer Reviews","52","492","Real stories, real results. Explore Google & customer reviews for MakeO skinnsi’s laser hair removal, hydrafacial & skin treatments.","132","799","skinnsi reviews, MakeO skin reviews, MakeO skinnsi reviews, skinnsi laser hair removal reviews, MakeO skin laser hair removal reviews, MakeO skinnsi laser hair removal reviews, skinnsi lhr reviews, MakeO skin lhr reviews, MakeO skinnsi lhr reviews, skinnsi hair treatment reviews, MakeO skin hair treatment reviews, MakeO skinnsi hair treatment reviews, skinnsi hydrafacial reviews, MakeO skin hydrafacial reviews, MakeO skinnsi hydrafacial reviews, skinnsi skin care reviews, MakeO skin care reviews, MakeO skinnsi skin care reviews, skinnsi acne treatment reviews, MakeO skin acne treatment reviews, MakeO skinnsi acne treatment reviews, skinnsi pigmentation treatment reviews, MakeO skin pigmentation treatment reviews, MakeO skinnsi pigmentation treatment reviews, skinnsi hair prp treatment reviews, MakeO skin hair prp treatment reviews, MakeO skinnsi hair prp treatment reviews","884","Real Reviews, Real Glow with MakeO skinnsi","42","","0","Real People, Real Transformations!","34","The Transformation Diaries: Laser Treatment Edition","51","","","","","https://makeo.app/skinnsi/skinnsi-reviews","","","","","","481522","54220","54220","8.035","","1662","436","3.812","68.125","Normal","2.120","1","1","","278","139","0","98.580","157","97","0","15","11","0","","","","","9a13ba2ab700356cd640b407721d2363","0.032","","","","","en","1.1","","","","","","https://makeo.app/skinnsi/skinnsi-reviews","2026-09-16 02:59:03"
"https://makeo.app/_next/static/chunks/70145-861bc4472384cd5b.js","application/javascript; charset=UTF-8","200","OK","Indexable","","","0","0","","0","0","","0","","0","","0","","0","","0","","","","","","","","","","","0","0","0","0.000","","0","","","","","0.000","1","3","","0","0","0","0.000","0","0","0","0","0","0","","","","","","0.007","Thu, 10 Sep 2026 17:32:43 GMT","","","","","1.1","","","","","","https://makeo.app/_next/static/chunks/70145-861bc4472384cd5b.js","2026-09-16 02:59:03"
"https://makeo.app/skinnsi/dermafacial-at-home","text/html; charset=utf-8","200","OK","Indexable","","Book Dermafacial Session | FREE Consult & Up to 70% Off","55","510","Get Dermafacial treatment for deep cleansing, exfoliation & glowing skin. Book a FREE consult with MakeO Clinic, enjoy up to 70% off & easy EMI options.","152","941","dermafacial, Skin Clinic Mumbai, Best Dermatologist, SkinCare Services, skin treatment, facial treatmentTitle: Rejuvenate at Home | Book a Dermafacial Appointment with skinnsi by makeO","184","relax. replenish. rejuvenate.","29","","0","choose a solution","17","still looking for a reason to try our advanced facials?","55","","","","","https://makeo.app/skinnsi/dermafacial-at-home","","","","","","495056","59087","59087","8.757","","2019","409","4.936","62.459","Normal","2.483","1","1","","285","141","0","100.000","170","97","0","13","11","0","","","","","99648479269eb46576a7c9aadfecc6cb","0.048","","","","","en","1.1","","","","","","https://makeo.app/skinnsi/dermafacial-at-home","2026-09-16 02:59:03"
"https://makeo.app/skinnsi/skin-analysis/uploadpicture?utm_campaign=website_banners&utm_medium=organic&utm_source=banner","text/html; charset=utf-8","200","OK","Indexable","","Skinnsi Skin Analysis Uploadpicture | Skinnsi","45","394","","0","0","","0","","0","","0","What's really ageing your skin?","31","","0","","","","","","","","","","","295632","34426","34426","5.102","","638","182","3.505","57.282","Fairly Hard","1.360","1","2","","1","1","0","0.710","157","97","0","13","11","0","","","","","93f7f8d9169650cf5c4e0d1879c0a44a","0.030","","","","","en","1.1","","","","","","https://makeo.app/skinnsi/skin-analysis/uploadpicture?utm_campaign=website_banners&utm_medium=organic&utm_source=banner","2026-09-16 02:59:03"
"https://makeo.app/skinnsi/anti-ageing-wrinkles-causes-treatment","text/html; charset=utf-8","200","OK","Indexable","","Anti Ageing: Skin Ageing Causes & Treatment | makeO skinnsi","59","552","Anti Ageing: Know what causes skin ageing, and with 3 easy steps we help you promote younger skin each day. Take assessment with makeO skinnsi now!","147","953","","0","Ageing meets glow. Reclaim it.","30","","0","","0","Firmer Skin with Radio Frequency Treatment","42","","","","","https://makeo.app/skinnsi/anti-ageing-wrinkles-causes-treatment","","","","","","513221","57823","57823","8.569","","1546","376","4.112","55.022","Fairly Hard","1.958","1","1","","284","141","0","100.000","159","98","0","13","11","0","","","","","2bd0b7dcf07b7b0402f0411d234cb499","0.076","","","","","en","1.1","","","","","","https://makeo.app/skinnsi/anti-ageing-wrinkles-causes-treatment","2026-09-16 02:59:03"
"https://makeo.app/skinnsi/skin-care-products?category=SUN_BLOCK","text/html; charset=utf-8","200","OK","Non-Indexable","Canonicalised","Skin Care Products: Buy Face Serums, Cream & More | makeO skinnsi","65","617","Skincare Products: With MakeO skinnsi's clinically approved ingredients and dermatologist-recommended products, see the version of you, you have been waiting for.","162","1016","""best skin care products in india, Skincare product, skincare kit""","66","shop by skin concerns","21","","0","why skinnsi?","12","more skincare for you","21","","","","","https://makeo.app/skinnsi/skin-care-products","","","","","","460752","54904","54904","8.137","","1302","401","3.247","79.109","Fairly Easy","1.666","1","1","","4","4","0","2.840","198","132","0","13","11","0","","","","","25ab334310f9fbe5920f7e4ffe8b0f44","0.054","","","","","en","1.1","","","","","","https://makeo.app/skinnsi/skin-care-products?category=SUN_BLOCK","2026-09-16 02:59:03"
"https://makeo.app/toothsi/products/62ff60fe7c7db100223a9d2e/toothsi-spark-whitening-kit","text/html; charset=utf-8","200","OK","Indexable","","Teeth Whitening at Home: Buy Teeth Whitening Kit | toothsi","58","530","Teeth Whitening at Home: Get whiter teeth with toothsi's teeth whitening kit, now at an affordable cost. Get flat 32% off.  7-10 days standard delivery time. Order now! 

 ","172","1017","","0","toothsi spark | teeth whitening kit ( 2nd gen )","47","toothsi spark | teeth whitening kit ( 2nd gen )","47","frequently asked questions","26","frequently asked questions","26","","","","","https://makeo.app/toothsi/products/62ff60fe7c7db100223a9d2e/toothsi-spark-whitening-kit","","","","","","448320","80660","80660","11.954","","3167","553","5.727","80.680","Easy","4.094","1","3","","288","141","0","100.000","157","97","0","13","11","0","","","","","f6f097d1f0b519870f6e429f2de1ac87","0.212","","","","","en","1.1","","","","","","https://makeo.app/toothsi/products/62ff60fe7c7db100223a9d2e/toothsi-spark-whitening-kit","2026-09-16 02:59:03"
"https://makeo.app/skinnsi/laser-hair-removal/select-service/face","text/html; charset=utf-8","200","OK","Indexable","","Facial Laser Hair Removal Treatment at Home | makeO skinnsi","59","561","How does Laser hair removal on the face works? Know about makeO skinnsi's quadruple wavelength technology. Book Now!","116","769","","0","Face Laser Hair Removal","23","","0","","0","real people, real results","25","","","","","https://makeo.app/skinnsi/laser-hair-removal/select-service/face","","","","","","495687","61076","61076","9.051","","2141","447","4.790","73.750","Fairly Easy","2.576","1","3","","412","139","0","98.580","164","103","0","13","11","0","","","","","d75f3a2c905783b255763ed602dd06f8","0.053","","","","","en","1.1","","","","","","https://makeo.app/skinnsi/laser-hair-removal/select-service/face","2026-09-16 02:59:04"
"https://makeo.app/toothsi/how-it-works","text/html; charset=utf-8","200","OK","Indexable","","Teeth Uneven Treatment Online at the Best Price | toothsi by makeO","66","610","Get uneven teeth treatment at home by consulting our expert orthodontists over a call. Book a free session now.","111","690","removable braces for teeth, teeth aligners at home, invisible aligners, teeth
alignment braces, crooked teeth braces, teeth straightening, teeth gap treatment cost","163","we work like magic","18","","0","be a nicole. book a scan.","25","","0","","","","","https://makeo.app/toothsi/how-it-works","","","","","","329300","40143","40143","5.949","","738","194","3.804","57.274","Fairly Hard","1.413","1","1","","141","141","0","100.000","158","98","0","13","11","0","","","","","b562a0891f57014eeaf49e34540af9b2","0.030","","","","","en","1.1","","","","","","https://makeo.app/toothsi/how-it-works","2026-09-16 02:59:04"
"https://makeo.app/privacy-policy","text/html; charset=utf-8","200","OK","Indexable","","Privacy Policy | MakeO","22","201","makeO privacy policy:Read our privacy policy for makeO toothsi & makeO skinnsi. For further queries reach out to our customer support team","138","870","","0","privacy policy","14","","0","","0","","0","","","","","https://makeo.app/privacy-policy","","","","","","338657","47523","47523","7.043","","3776","514","7.346","52.426","Fairly Hard","7.096","1","0","","141","141","0","100.000","157","97","0","13","11","0","","","","","108f912866b35c832d9f0ef0f00f6452","0.005","","","","","en","1.1","","","","","","https://makeo.app/privacy-policy","2026-09-16 02:59:04"
"https://makeo.app/blog/skin-care","text/html; charset=utf-8","200","OK","Indexable","","skin care","9","80","skin care","9","55","skin care","9","","0","","0","","0","","0","","","","","https://makeo.app/blog/skin-care","","","","","","368992","62011","62011","9.190","","800","246","3.252","63.944","Normal","1.348","1","1","","138","134","0","95.040","207","136","0","13","11","0","","","","","32f200e3618e812850b62d148352e0ea","0.069","","","","","en","1.1","","","","","","https://makeo.app/blog/skin-care","2026-09-16 02:59:04"
"https://makeo.app/skinnsi/hair-gfc-treatment","text/html; charset=utf-8","200","OK","Indexable","","GFC Hair Treatment: Benefits, Cost & Results (2026)","51","465","Looking for an effective hair fall treatment? Learn how GFC therapy works, who it's suitable for, expected results, and claim a free consultation worth ₹1,200.","159","965","","0","GFC Treatment For Hair Fall & Hair Loss at MakeO","48","","0","What Is GFC Hair Treatment?","27","How Does GFC Hair Treatment Work?","33","","","","","https://makeo.app/skinnsi/hair-gfc-treatment","","","","","","409750","55759","55759","8.263","","3339","535","6.241","64.618","Normal","5.225","1","1","","136","134","0","95.040","181","102","0","14","12","0","","","","","c356e308eb52be2e64305e6ade9a20fc","0.007","","","","","en","1.1","","","","","","https://makeo.app/skinnsi/hair-gfc-treatment","2026-09-16 02:59:05"
"https://makeo.app/toothsi/products/allproducts?category=TEETH_WHITENING","text/html; charset=utf-8","200","OK","Non-Indexable","Canonicalised","Buy makeO toothsi teeth whitening Products Online","49","459","Checkout Teeth Whitening Products from makeO toothsi. Explore various products like toothsi spark teeth whitening pen & toothsi spark teeth whitening pen with minimum 44% off.","175","1110","","0","shop all","8","","0","","0","","0","","","","","https://makeo.app/toothsi/products/allproducts","","","","","","378023","60521","60521","8.969","","808","237","3.409","55.743","Fairly Hard","1.504","1","2","","305","135","0","95.740","192","129","0","13","11","0","","","","","e2067fe3c3295304c5b2c4450ab5ddfb","0.110","","","","","en","1.1","","","","","","https://makeo.app/toothsi/products/allproducts?category=TEETH_WHITENING","2026-09-16 02:59:05"
"https://makeo.app/skinnsi/laser-hair-removal/select-service/full-body","text/html; charset=utf-8","200","OK","Indexable","","Book Full Body Laser Hair Removal | FREE Trial & Up to 70% Off On Plans","71","643","Book a FREE trial for Full Body Laser Hair Removal and get smooth, hair-free skin. Enjoy up to 70% off on treatment plans with easy EMI options. Limited-time offer.","164","1005","","0","Full Body Laser Hair Removal","28","","0","","0","real people, real results","25","","","","","https://makeo.app/skinnsi/laser-hair-removal/select-service/full-body","","","","","","478751","60507","60507","8.967","","2417","482","5.015","71.993","Fairly Easy","3.052","1","3","","280","139","0","98.580","157","97","0","13","11","0","","","","","7b9d62ab61f319a8303a8a9962d9730a","0.060","","","","","en","1.1","","","","","","https://makeo.app/skinnsi/laser-hair-removal/select-service/full-body","2026-09-16 02:59:05"
"https://makeo.app/_next/static/css/6787fb9eaed90dd6.css","text/css; charset=UTF-8","200","OK","Indexable","","","0","0","","0","0","","0","","0","","0","","0","","0","","","","","","","","","","","0","0","0","0.000","","0","","","","","0.000","1","3","","0","0","0","0.000","0","0","0","0","0","0","","","","","","0.030","Thu, 10 Sep 2026 17:32:44 GMT","","","","","1.1","","","","","","https://makeo.app/_next/static/css/6787fb9eaed90dd6.css","2026-09-16 02:59:05"
"https://makeo.app/skinnsi/hair-prp-treatment","text/html; charset=utf-8","200","OK","Indexable","","Book Hair PRP Treatment for Hair Loss & Hair Fall | MakeO","57","522","Struggling with Hair loss or Hair Fall? Hair PRP Treatment at MakeO helps improve hair density and thickness. Get a free doctor consultation worth ₹1200 today!","159","988","","0","PRP Hair Treatment: Cost, Procedure, Results & Benefits","55","","0","What Is PRP Hair Treatment?","27","Benefits of PRP Hair Treatment","30","","","","","https://makeo.app/skinnsi/hair-prp-treatment","","","","","","454270","64368","64368","9.539","","4191","645","6.498","62.793","Normal","5.950","1","1","","138","134","0","95.040","166","99","0","14","12","0","","","","","4c9ccf89df4477055395d09f8f3320dc","0.074","","","","","en","1.1","","","","","","https://makeo.app/skinnsi/hair-prp-treatment","2026-09-16 02:59:05"
"https://makeo.app/_next/static/chunks/81484-12fad26b862d0456.js","application/javascript; charset=UTF-8","200","OK","Indexable","","","0","0","","0","0","","0","","0","","0","","0","","0","","","","","","","","","","","0","0","0","0.000","","0","","","","","0.000","1","3","","0","0","0","0.000","0","0","0","0","0","0","","","","","","0.008","Thu, 10 Sep 2026 17:32:43 GMT","","","","","1.1","","","","","","https://makeo.app/_next/static/chunks/81484-12fad26b862d0456.js","2026-09-16 02:59:05"
"https://makeo.app/_next/static/chunks/a8c98fcc-91a5522daf7b3b14.js","application/javascript; charset=UTF-8","200","OK","Indexable","","","0","0","","0","0","","0","","0","","0","","0","","0","","","","","","","","","","","0","0","0","0.000","","0","","","","","0.000","1","3","","0","0","0","0.000","0","0","0","0","0","0","","","","","","0.005","Thu, 10 Sep 2026 17:32:43 GMT","","","","","1.1","","","","","","https://makeo.app/_next/static/chunks/a8c98fcc-91a5522daf7b3b14.js","2026-09-16 02:59:05"
"https://makeo.app/toothsi/braces","text/html; charset=utf-8","200","OK","Indexable","","Get Teeth Braces Starting at just र49/Day !","43","379","Find the right Braces for Teeth with Toothsi. Compare Dental Braces, treatment options, costs, and timelines. Book a FREE Orthodontist Consultation today.","154","961","teeth braces
brace meaning
braces meaning
invisible braces
braces cost
Teeth braces cost
braces before and after","112","Teeth Braces That Work Smarter, Not Harder","42","","0","What Are Teeth Braces?","22","Around 90% Success Rate For Dental Braces, And Numbers Don’t Lie!","65","","","","","https://makeo.app/toothsi/braces","","","","","","413914","53773","53773","7.969","","2345","469","5.000","63.442","Normal","3.569","1","1","","478","141","0","100.000","172","99","0","16","14","0","","","","","4e0fb22bd476a0358ce5c820d39988bd","0.008","","","","","en","1.1","","","","","","https://makeo.app/toothsi/braces","2026-09-16 02:59:05"
"https://makeo.app/blog/oral-care/5-tips-getting-most-out-your-aligner-treatment","text/html; charset=utf-8","200","OK","Indexable","","9 Tips to get best of Your makeO toothsi aligners Results","57","507","Just got your makeO toothsi aligners? Know 9 effective tips to get the most of your teeth aligners results. Follow these tips to make living with aligners a comfortable experience","179","1084","teeth aligners results, clear aligners results,invisible aligners results","73","9 Tips for Getting Best makeO toothsi clear Aligners Results","60","","0","9 Tips for Getting Best makeO toothsi clear Aligners Results","60","","0","","","","","https://makeo.app/blog/oral-care/5-tips-getting-most-out-your-aligner-treatment","","","","","","394239","58481","58481","8.667","","1757","330","5.324","75.566","Fairly Easy","2.600","1","2","","2","2","0","1.420","174","103","0","13","11","0","","","","","413b5e3784abd9b8f43c5f532df110e2","0.046","","","","","en","1.1","","","","","","https://makeo.app/blog/oral-care/5-tips-getting-most-out-your-aligner-treatment","2026-09-16 02:59:05"
"https://makeo.app/_next/static/css/590fc9278bba5d8b.css","text/css; charset=UTF-8","200","OK","Indexable","","","0","0","","0","0","","0","","0","","0","","0","","0","","","","","","","","","","","139","139","139","0.021","","0","","","","","0.000","1","3","","0","0","0","0.000","0","0","0","0","0","0","","","","","","0.017","Thu, 10 Sep 2026 17:32:44 GMT","","","","","1.1","","","","","","https://makeo.app/_next/static/css/590fc9278bba5d8b.css","2026-09-16 02:59:06"
"https://makeo.app/_next/static/css/5bbd3b7011a5fa03.css","text/css; charset=UTF-8","200","OK","Indexable","","","0","0","","0","0","","0","","0","","0","","0","","0","","","","","","","","","","","0","0","0","0.000","","0","","","","","0.000","1","3","","0","0","0","0.000","0","0","0","0","0","0","","","","","","0.016","Thu, 10 Sep 2026 17:32:44 GMT","","","","","1.1","","","","","","https://makeo.app/_next/static/css/5bbd3b7011a5fa03.css","2026-09-16 02:59:06"
"https://makeo.app/skinnsi/acne-treatment/select-service/mnrf-face","text/html; charset=utf-8","200","OK","Indexable","","Micro Needling Radio Frequency Treatment for Acne: All About It | skinnsi by makeO","82","745","Micro Needling RF: What do we mean by MNRF? Learn about skinnsi by makeO's acne reduction treatment, all from home. Take assessment now!","136","895","","0","MakeO Scar Reduction","20","","0","What is makeO scar reduction and how it helps?","46","why choose makeO scar reduction?","32","","","","","https://makeo.app/skinnsi/acne-treatment/select-service/mnrf-face","","","","","","344494","43367","43367","6.427","","1055","241","4.378","67.192","Normal","1.883","1","3","","280","139","0","98.580","157","97","0","13","11","0","","","","","5bde43edfa6f2b12211b887e49417429","0.081","","","","","en","1.1","","","","","","https://makeo.app/skinnsi/acne-treatment/select-service/mnrf-face","2026-09-16 02:59:06"
"https://makeo.app/toothsi/kolkata","text/html; charset=utf-8","200","OK","Indexable","","Best Dental Treatments in Kolkata","33","307","Looking for dental treatments in a trusted clinic in Kolkata? Check out advanced dental care with Toothsi dentists near you. Book your consultation today.","154","949","","0","Dental Treatments in Kolkata by Toothsi – Expert Care Near You","62","","0","How Does Dental Treatment Work at Toothsi?","42","Teeth Aligners Treatment in Kolkata: What You Need to Know","58","","","","","https://makeo.app/toothsi/kolkata","","","","","","428962","57434","57434","8.512","","1679","312","5.381","58.324","Fairly Hard","2.529","1","1","","151","141","0","100.000","182","103","0","16","13","0","","","","","5b51ee61f905205ceca2ac8a6d143286","0.059","","","","","en","1.1","","","","","","https://makeo.app/toothsi/kolkata","2026-09-16 02:59:06"
"https://makeo.app/_next/static/chunks/60015-2e156a90c5562846.js","application/javascript; charset=UTF-8","200","OK","Indexable","","","0","0","","0","0","","0","","0","","0","","0","","0","","","","","","","","","","","0","0","0","0.000","","0","","","","","0.000","1","3","","0","0","0","0.000","0","0","0","0","0","0","","","","","","0.033","Thu, 10 Sep 2026 17:32:43 GMT","","","","","1.1","","","","","","https://makeo.app/_next/static/chunks/60015-2e156a90c5562846.js","2026-09-16 02:59:06"
"https://makeo.app/_next/static/css/68218b37706689bc.css","text/css; charset=UTF-8","200","OK","Indexable","","","0","0","","0","0","","0","","0","","0","","0","","0","","","","","","","","","","","0","0","0","0.000","","0","","","","","0.000","1","3","","0","0","0","0.000","0","0","0","0","0","0","","","","","","0.038","Thu, 10 Sep 2026 17:32:44 GMT","","","","","1.1","","","","","","https://makeo.app/_next/static/css/68218b37706689bc.css","2026-09-16 02:59:06"
"https://makeo.app/toothsi/teeth-aligners","text/html; charset=utf-8","200","OK","Indexable","","Aligners: Clear, Transparent, Invisible Teeth Aligners - MakeO Toothsi","70","616","Aligners for Invisible Teeth Straightening & Alignment. Get Effective Tooth Aligners for Precise Teeth Alignment. Discover transparent Aligners for a Confident Smile","165","1001","orthodontics near me, clear aligners, orthodontics treatment, removable teeth
braces, teeth aligners, dental aligners, teeth clear aligners, invisible braces cost","162","Clear Teeth Aligners Can Help You Achieve Your Dream Smile","58","","0","How do clear aligners work?","27","Teeth alignment issues we can fix","33","","","","","https://makeo.app/toothsi/teeth-aligners","","","","","","700411","102334","102334","15.166","","3015","535","5.636","68.393","Normal","2.644","1","1","","313","141","0","100.000","209","108","0","18","14","0","","","","","83a00f5315f51c76d9880fa383e26e0a","0.043","","","","","en","1.1","","","","","","https://makeo.app/toothsi/teeth-aligners","2026-09-16 02:59:07"
"https://makeo.app/skinnsi/laser-hair-removal","text/html; charset=utf-8","200","OK","Indexable","","Permanent Laser Hair Removal: Cost & Treatment at Home | makeO skinnsi","70","676","Big makeOver Sale: Flat 5000 Off* on  experts-backed permanent laser hair removal solutions at home. Use Code: MAKEOLHR. Hurry! Offer valid till Aug 17th.","154","964","full body laser hair removal, laser hair removal cost, best laser hair removal, best laser hair removal in Mumbai, hair reduction laser treatment, laser hair treatment cost, painless hair removal","195","Get up to 40% off until 30th September, 2026","44","","0","why should you choose makeO laser hair removal","46","why should you choose makeO laser hair removal","46","","","","","https://makeo.app/skinnsi/laser-hair-removal","","","","","","452030","66656","66656","9.878","","2572","442","5.819","70.378","Fairly Easy","3.385","1","1","","292","141","0","100.000","160","98","0","14","12","0","","","","","273874622771220f2c3d8412aac6f054","0.006","","","","","en","1.1","","","","","","https://makeo.app/skinnsi/laser-hair-removal","2026-09-16 02:59:07"
"https://makeo.app/covid-19","text/html; charset=utf-8","200","OK","Non-Indexable","noindex","Covid-19 | makeO","16","157","covid-19","8","53","","0","","0","","0","","0","","0","noindex, nofollow","noindex, nofollow","","","https://makeo.app/covid-19","","","","","","296223","33580","33580","4.977","","435","132","3.295","44.209","Hard","0.971","1","0","","282","141","0","100.000","157","97","0","13","11","0","","","","","67d24955aef453e6192b93cbecbc4a36","0.018","","","","","en","1.1","","","","","","https://makeo.app/covid-19","2026-09-16 02:59:07"
"https://makeo.app/toothsi/teeth-aligners/teeth-gap","text/html; charset=utf-8","200","OK","Indexable","","Fix Teeth Gaps with Clear Aligners – Starting at ₹70/Day Only","61","546","Fix teeth gaps with Toothsi clear aligners starting at ₹52,999. Learn more about treatment, expected results and get a FREE consultation with an orthodontist.","158","975","teeth gap, diastema, teeth gap filling cost, teeth gap treatment, gap between teeth, how to fill gap between teeth","114","What Causes a Gap Between Teeth (Diastema)?","43","","0","How Clear Aligners Can Close Teeth Gaps?","40","Teeth Gap Correction with Toothsi Aligners","42","","","","","https://makeo.app/toothsi/teeth-aligners/teeth-gap","","","","","","441329","58612","58612","8.686","","2021","350","5.774","64.928","Normal","2.842","1","2","","311","141","0","100.000","172","98","0","13","11","0","","","","","f0d4cab238a4735a6d8dd4426e30bcdf","0.019","","","","","en","1.1","","","","","","https://makeo.app/toothsi/teeth-aligners/teeth-gap","2026-09-16 02:59:07"
"https://makeo.app/blog/hair-care","text/html; charset=utf-8","200","OK","Indexable","","Hair care treatments at makeO Skinnsi","37","347","Discover expert hair care tips, treatments, and routines with MakeO Skinnsi blogs to keep your hair strong, healthy, shiny, and manageable every day.","149","915","","0","","0","","0","","0","","0","","","","","https://makeo.app/blog/hair-care","","","","","","435045","93736","93736","13.892","","625","203","3.079","57.521","Fairly Hard","0.912","1","1","","138","134","0","95.040","188","117","0","13","11","0","","","","","dd174dd8dd4785a6834c6b27e501543e","0.097","","","","","en","1.1","","","","","","https://makeo.app/blog/hair-care","2026-09-16 02:59:07"
"https://makeo.app/toothsi/products/61f8f24947461a0009bfc044/removable-retainer","text/html; charset=utf-8","200","OK","Indexable","","Retainers: Flat 10% off on Removable Retainer| makeO toothsi","60","554","Buy Retainers Post Clear Braces: Use the retainer to maintain the results of your smile makeover. Flat 10% off on removable retainers - Order Now!","146","897","","0","removable retainers","19","removable retainers","19","frequently asked questions","26","frequently asked questions","26","","","","","https://makeo.app/toothsi/products/61f8f24947461a0009bfc044/removable-retainer","","","","","","395501","69356","69356","10.279","","2141","379","5.649","66.950","Normal","3.290","1","3","","423","141","0","100.000","157","97","0","13","11","0","","","","","38f0c0f637e506782e209f977e05af4e","0.163","","","","","en","1.1","","","","","","https://makeo.app/toothsi/products/61f8f24947461a0009bfc044/removable-retainer","2026-09-16 02:59:07"
"https://makeo.app/blog/oral-care/types-of-cross-bite","text/html; charset=utf-8","200","OK","Indexable","","6 Different Types Of Crossbites And How To Treat Them","53","502","Learn about the different types of crossbites, their treatment options, and treatment costs.","92","560","types of crossbite, crossbite causes, causes of crossbite, anterior crossbite, posterior crossbite","98","","0","","0","What Is A Crossbite?","20","How Can You Fix A Crossbite?","28","","","","","https://makeo.app/blog/oral-care/types-of-cross-bite","","","","","","564234","83948","83948","12.441","","2281","544","4.193","67.204","Normal","2.519","1","2","","10","4","0","2.840","205","108","0","20","18","0","","","","","7ae66755d6ac94637380223dbc50caf","0.030","","","","","en","1.1","","","","","","https://makeo.app/blog/oral-care/types-of-cross-bite","2026-09-16 02:59:07"
"https://makeo.app/_next/static/chunks/16571-9d7a382540e8f19a.js","application/javascript; charset=UTF-8","200","OK","Indexable","","","0","0","","0","0","","0","","0","","0","","0","","0","","","","","","","","","","","0","0","0","0.000","","0","","","","","0.000","1","3","","0","0","0","0.000","0","0","0","0","0","0","","","","","","0.005","Thu, 10 Sep 2026 17:32:44 GMT","","","","","1.1","","","","","","https://makeo.app/_next/static/chunks/16571-9d7a382540e8f19a.js","2026-09-16 02:59:08"
"https://makeo.app/skinnsi/refund-policy","text/html; charset=utf-8","200","OK","Indexable","","Refund Policy For Skin Consultation, Procedure or Treatment","59","540","Learn Refund Policy for Skin Treatment or consultation here.","60","373","Refund Policy","13","MakeO (formerly Skinnsi) Refund Policy","38","","0","Refund policy for skinnsi products","34","","0","","","","","https://makeo.app/skinnsi/refund-policy","","","","","","300039","38407","38407","5.692","","1527","267","5.719","62.966","Normal","3.114","1","1","","139","139","0","98.580","157","97","0","13","11","0","","","","","26f1d945e85c96ee5d4c72d3d2008061","0.045","","","","","en","1.1","","","","","","https://makeo.app/skinnsi/refund-policy","2026-09-16 02:59:08"
"https://makeo.app/skinnsi/acne-treatment","text/html; charset=utf-8","200","OK","Indexable","","Acne Treatment: Treat Acne at Home with makeO skinnsi","53","514","Treat Acne At Home: Get customized solutions for treating acne from our expert dermatologists at makeO skinnsi now. All this from home! Take your assessment now!","161","1027","","0","Leave a glowing first impression","32","","0","what’s troubling your face?","27","our treatments","14","","","","","https://makeo.app/skinnsi/acne-treatment","","","","","","489818","66024","66024","9.785","","1711","331","5.169","62.896","Normal","2.164","1","1","","295","141","0","100.000","158","97","0","14","12","0","","","","","ee8f4289df7c65d7418d7813eaf8950e","0.053","","","","","en","1.1","","","","","","https://makeo.app/skinnsi/acne-treatment","2026-09-16 02:59:08"
"https://makeo.app/_next/static/chunks/app/page-8afd01c73937a985.js","application/javascript; charset=UTF-8","200","OK","Indexable","","","0","0","","0","0","","0","","0","","0","","0","","0","","","","","","","","","","","0","0","0","0.000","","0","","","","","0.000","1","4","","0","0","0","0.000","0","0","0","0","0","0","","","","","","0.010","Thu, 10 Sep 2026 17:32:43 GMT","","","","","1.1","","","","","","https://makeo.app/_next/static/chunks/app/page-8afd01c73937a985.js","2026-09-16 02:59:08"
"https://makeo.app/skinnsi/acne-treatment/pimples","text/html; charset=utf-8","200","OK","Indexable","","Pimple Treatment - Treat Pimples at Home | makeO skinnsi","56","533","Treat Pimples At Home: Get customised solutions for treating pimples from our expert dermatologists at makeO skinnsi. All this from home! Take your assessment now!","163","1033","","0","Zero pimples, clearer skin.","27","","0","all about pimples","17","how to identify pimples?","24","","","","","https://makeo.app/skinnsi/acne-treatment/pimples","","","","","","318826","38873","38873","5.761","","633","177","3.576","52.449","Fairly Hard","1.293","1","2","","278","139","0","98.580","158","97","0","13","11","0","","","","","dd3c3207a41924cbcc4eea7e7edabee6","0.063","","","","","en","1.1","","","","","","https://makeo.app/skinnsi/acne-treatment/pimples","2026-09-16 02:59:08"
"https://makeo.app/toothsi/chandigarh","text/html; charset=utf-8","200","OK","Indexable","","Toothsi Chandigarh: Orthodontic & Aligners Treatment","52","484","Looking for a Dental clinic in Chandigarh? Get expert smile makeovers, 3D scans, braces, teeth aligner treatments with professional orthodontist support.","153","942","orthodontists in chandigarh, dental treatment in chandigarh, toothsi, toothsi chandigarh, dental clinic near me, toothsi near me","128","Toothsi Dental Clinic & Dental Services in Chandigarh","53","","0","Before - After","14","","0","","","","","https://makeo.app/toothsi/chandigarh","","","","","","556888","68792","68792","10.195","","1506","340","4.429","64.934","Normal","1.659","1","1","","158","141","0","100.000","210","116","0","14","12","0","","","","","8939f78215953ac02bec5f92c64902a2","0.054","","","","","en","1.1","","","","","","https://makeo.app/toothsi/chandigarh","2026-09-16 02:59:08"
"https://makeo.app/toothsi/home-impression-kit","text/html; charset=utf-8","200","OK","Non-Indexable","noindex","At Home Self Impression Kit : Shop Toothsi At Home Self Impression Kit Online","77","705","An at-home self impression kit helps you take an impression of your teeth, under virtual supervision of our in-house experts. This will help our experts design your smile plan.  Our kit comes with all things that you will need to take your teeth impression just right.","268","1588","impression compound, teeth straightening, clear aligners, teeth correction, teeth straightening at home, dental impressions,  impression plaster","144","","0","","0","real people, real smiles","24","Stress free journey to your dream smile","39","noindex, nofollow","noindex, nofollow","","","https://makeo.app/toothsi/home-impression-kit","","","","","","472117","68746","68746","10.188","","1751","326","5.371","67.792","Normal","2.269","1","1","","141","141","0","100.000","78","56","0","13","11","0","","","","","707674fcb0f6c884517d68cfa2239d99","0.028","","","","","en","1.1","","","","","","https://makeo.app/toothsi/home-impression-kit","2026-09-16 02:59:08"
"https://makeo.app/skinnsi/acne-treatment/open-pores-treatment","text/html; charset=utf-8","200","OK","Indexable","","Open Pores Treatment - Treat Open Pores at Home | skinnsi by makeO","66","630","Treat Open Pores At Home: Get customised solutions for treating open pores from our expert dermatologists at skinnsi by makeO. All this from home! Take your assessment now!","172","1095","","0","Less open pores, Lesser skin problems","37","","0","all about open pores","20","how to identify open pores?","27","","","","","https://makeo.app/skinnsi/acne-treatment/open-pores-treatment","","","","","","331499","43515","43515","6.449","","656","180","3.644","50.314","Fairly Hard","1.289","1","2","","278","139","0","98.580","158","97","0","13","11","0","","","","","6498834ae3649b8f1ff29e6c8a7b37ca","0.066","","","","","en","1.1","","","","","","https://makeo.app/skinnsi/acne-treatment/open-pores-treatment","2026-09-16 02:59:08"
"https://makeo.app/_next/static/chunks/8802-2a998d600fab2956.js","application/javascript; charset=UTF-8","200","OK","Indexable","","","0","0","","0","0","","0","","0","","0","","0","","0","","","","","","","","","","","0","0","0","0.000","","0","","","","","0.000","2","3","","0","0","0","0.000","0","0","0","0","0","0","","","","","","0.034","Thu, 10 Sep 2026 17:32:43 GMT","","","","","1.1","","","","","","https://makeo.app/_next/static/chunks/8802-2a998d600fab2956.js","2026-09-16 02:59:08"
"https://makeo.app/_next/static/chunks/67339-26310785a2276a3c.js","application/javascript; charset=UTF-8","200","OK","Indexable","","","0","0","","0","0","","0","","0","","0","","0","","0","","","","","","","","","","","0","0","0","0.000","","0","","","","","0.000","2","3","","0","0","0","0.000","0","0","0","0","0","0","","","","","","0.079","Thu, 10 Sep 2026 17:32:44 GMT","","","","","1.1","","","","","","https://makeo.app/_next/static/chunks/67339-26310785a2276a3c.js","2026-09-16 02:59:08"
"https://makeo.app/_next/static/chunks/26795-97b485167895c0c9.js","application/javascript; charset=UTF-8","200","OK","Indexable","","","0","0","","0","0","","0","","0","","0","","0","","0","","","","","","","","","","","0","0","0","0.000","","0","","","","","0.000","2","3","","0","0","0","0.000","0","0","0","0","0","0","","","","","","0.022","Thu, 10 Sep 2026 17:32:43 GMT","","","","","1.1","","","","","","https://makeo.app/_next/static/chunks/26795-97b485167895c0c9.js","2026-09-16 02:59:08"
"https://makeo.app/_next/static/chunks/app/toothsi/careers/page-368fa8b07c0e41f3.js","application/javascript; charset=UTF-8","200","OK","Indexable","","","0","0","","0","0","","0","","0","","0","","0","","0","","","","","","","","","","","0","0","0","0.000","","0","","","","","0.000","2","6","","0","0","0","0.000","0","0","0","0","0","0","","","","","","0.045","Thu, 10 Sep 2026 17:32:43 GMT","","","","","1.1","","","","","","https://makeo.app/_next/static/chunks/app/toothsi/careers/page-368fa8b07c0e41f3.js","2026-09-16 02:59:08"
"https://makeo.app/blog/oral-care/how-do-i-know-im-right-candidate-toothsi-clear-aligners","text/html; charset=utf-8","200","OK","Indexable","","How do I Know I’m the Right Candidate for makeO toothsi Aligners?","65","598","Thinking about opting for toothsi clear aligners instead of painful braces? First know whether you are an ideal candidate for makeO toothsi aligners or not? Here’s your guide","174","1063","how to get aligners, how to get clear braces","44","How do I Know I’m the Right Candidate for makeO toothsi Teeth Aligners?","71","","0","How to Determine If makeO toothsi Aligners are Right for You?","61","","0","","","","","https://makeo.app/blog/oral-care/how-do-i-know-im-right-candidate-toothsi-clear-aligners","","","","","","392005","55965","55965","8.294","","1731","330","5.245","70.383","Fairly Easy","2.629","2","2","","25","13","0","9.220","176","106","0","13","11","0","","","","","1b0d8fad7933798766b3e7c9df29a398","0.047","","","","","en","1.1","","","","","","https://makeo.app/blog/oral-care/how-do-i-know-im-right-candidate-toothsi-clear-aligners","2026-09-16 02:59:09"
"https://makeo.app/_next/static/chunks/app/blog/%5Bcategory%5D/%5Bid%5D/page-a5e1575b22cfbad9.js","application/javascript; charset=UTF-8","200","OK","Indexable","","","0","0","","0","0","","0","","0","","0","","0","","0","","","","","","","","","","","0","0","0","0.000","","0","","","","","0.000","2","7","","0","0","0","0.000","0","0","0","0","0","0","","","","","","0.041","Thu, 10 Sep 2026 17:32:43 GMT","","","","","1.1","","","","","","https://makeo.app/_next/static/chunks/app/blog/%5Bcategory%5D/%5Bid%5D/page-a5e1575b22cfbad9.js","2026-09-16 02:59:09"
"https://makeo.app/_next/static/css/7c68999689debb41.css","text/css; charset=UTF-8","200","OK","Indexable","","","0","0","","0","0","","0","","0","","0","","0","","0","","","","","","","","","","","0","0","0","0.000","","0","","","","","0.000","2","3","","0","0","0","0.000","0","0","0","0","0","0","","","","","","0.042","Thu, 10 Sep 2026 17:32:44 GMT","","","","","1.1","","","","","","https://makeo.app/_next/static/css/7c68999689debb41.css","2026-09-16 02:59:09"
"https://makeo.app/_next/static/css/08ebb0295032fd5b.css","text/css; charset=UTF-8","200","OK","Indexable","","","0","0","","0","0","","0","","0","","0","","0","","0","","","","","","","","","","","0","0","0","0.000","","0","","","","","0.000","2","3","","0","0","0","0.000","0","0","0","0","0","0","","","","","","0.031","Thu, 10 Sep 2026 17:32:44 GMT","","","","","1.1","","","","","","https://makeo.app/_next/static/css/08ebb0295032fd5b.css","2026-09-16 02:59:09"
"https://makeo.app/toothsi/get-started1","text/html; charset=utf-8","200","OK","Non-Indexable","noindex","Start Your Smile Makeover Treatment with toothsi","48","449","Are you facing a teeth alignment problem? Crooked teeth, gaps in teeth or jaw misalignment bothering you? Start your smile makeover online with toothsi","151","942","braces aligners, teeth alignment brace, braces to straighten teeth, how to fix gap between teeth, teeth gap treatment cost, orthodontics near me, invisible braces cost","167","","0","","0","","0","","0","noindex, nofollow","noindex, nofollow","","","https://makeo.app/toothsi/get-started1","","","","","","379059","53075","53075","7.866","","241","74","3.257","53.636","Fairly Hard","0.416","2","1","","26","18","0","12.770","75","55","0","13","11","0","","","","","ef35afa4e5cd6a1d8521ec2cba127761","0.028","","","","","en","1.1","","","","","","https://makeo.app/toothsi/get-started1","2026-09-16 02:59:09"
"https://makeo.app/_next/static/chunks/9705-de18a896d8b0e6bc.js","application/javascript; charset=UTF-8","200","OK","Indexable","","","0","0","","0","0","","0","","0","","0","","0","","0","","","","","","","","","","","0","0","0","0.000","","0","","","","","0.000","2","3","","0","0","0","0.000","0","0","0","0","0","0","","","","","","0.018","Thu, 10 Sep 2026 17:32:43 GMT","","","","","1.1","","","","","","https://makeo.app/_next/static/chunks/9705-de18a896d8b0e6bc.js","2026-09-16 02:59:09"
"https://makeo.app/blog/oral-care/buy-makeo-teeth-whitening-kit-this-diwali","text/html; charset=utf-8","200","OK","Indexable","","This Diwali 2023, smile bright with makeO teeth whitening kit","61","544","Dazzle your smile in Diwali pictures with our affordable teeth whitening kit. Buy now & flaunt your million dollar smile to the word with teeth whitening pens & brightening gel","176","1056","dental whitening kit, teeth brightening kit, teeth whitening","60","This Diwali, Smile Bright With makeO Teeth Whitening Kit","56","","0","Why You Should Opt For Teeth Whitening During Diwali?","53","related categories","18","","","","","https://makeo.app/blog/oral-care/buy-makeo-teeth-whitening-kit-this-diwali","","","","","","381908","52775","52775","7.821","","1576","292","5.397","68.928","Normal","2.487","2","2","","24","12","0","8.510","174","105","0","13","11","0","","","","","45209110c469a22d45da7f4658b3afe8","0.087","","","","","en","1.1","","","","","","https://makeo.app/blog/oral-care/buy-makeo-teeth-whitening-kit-this-diwali","2026-09-16 02:59:09"
"https://makeo.app/_next/static/css/76947c704b42b078.css","text/css; charset=UTF-8","200","OK","Indexable","","","0","0","","0","0","","0","","0","","0","","0","","0","","","","","","","","","","","69","69","69","0.010","","0","","","","","0.000","2","3","","0","0","0","0.000","0","0","0","0","0","0","","","","","","0.050","Thu, 10 Sep 2026 17:32:44 GMT","","","","","1.1","","","","","","https://makeo.app/_next/static/css/76947c704b42b078.css","2026-09-16 02:59:09"
"https://makeo.app/_next/static/css/871eaaa99fbe2556.css","text/css; charset=UTF-8","200","OK","Indexable","","","0","0","","0","0","","0","","0","","0","","0","","0","","","","","","","","","","","186","186","186","0.028","","0","","","","","0.000","2","3","","0","0","0","0.000","0","0","0","0","0","0","","","","","","0.077","Thu, 10 Sep 2026 17:32:44 GMT","","","","","1.1","","","","","","https://makeo.app/_next/static/css/871eaaa99fbe2556.css","2026-09-16 02:59:10"
"https://makeo.app/_next/static/chunks/49119-0de9c9a1c992368b.js","application/javascript; charset=UTF-8","200","OK","Indexable","","","0","0","","0","0","","0","","0","","0","","0","","0","","","","","","","","","","","0","0","0","0.000","","0","","","","","0.000","2","3","","0","0","0","0.000","0","0","0","0","0","0","","","","","","0.007","Thu, 10 Sep 2026 17:32:44 GMT","","","","","1.1","","","","","","https://makeo.app/_next/static/chunks/49119-0de9c9a1c992368b.js","2026-09-16 02:59:10"
"https://makeo.app/_next/static/chunks/80489-55bce90a19afc729.js","application/javascript; charset=UTF-8","200","OK","Indexable","","","0","0","","0","0","","0","","0","","0","","0","","0","","","","","","","","","","","0","0","0","0.000","","0","","","","","0.000","2","3","","0","0","0","0.000","0","0","0","0","0","0","","","","","","0.022","Thu, 10 Sep 2026 17:32:43 GMT","","","","","1.1","","","","","","https://makeo.app/_next/static/chunks/80489-55bce90a19afc729.js","2026-09-16 02:59:10"
"https://makeo.app/_next/static/chunks/20778-db752ea63aaf804f.js","application/javascript; charset=UTF-8","200","OK","Indexable","","","0","0","","0","0","","0","","0","","0","","0","","0","","","","","","","","","","","0","0","0","0.000","","0","","","","","0.000","2","3","","0","0","0","0.000","0","0","0","0","0","0","","","","","","0.023","Thu, 10 Sep 2026 17:32:43 GMT","","","","","1.1","","","","","","https://makeo.app/_next/static/chunks/20778-db752ea63aaf804f.js","2026-09-16 02:59:10"
"https://makeo.app/toothsi/products/630c4a77d75e550020acd0ee/toothsi-spark-whitening-pen","text/html; charset=utf-8","200","OK","Indexable","","Teeth Whitening at Home: Flat 50% off on toothsi Teeth Whitening Pen","68","631","Teeth Whitening at Home: Get Flat 50% off on toothsi Teeth Whitening Pen & get instant whiter teeth for any occasion. Order now!","128","798","","0","toothsi spark | teeth whitening pen (2nd gen)","45","toothsi spark | teeth whitening pen (2nd gen)","45","frequently asked questions","26","frequently asked questions","26","","","","","https://makeo.app/toothsi/products/630c4a77d75e550020acd0ee/toothsi-spark-whitening-pen","","","","","","444117","79225","79225","11.741","","3307","548","6.035","67.990","Normal","4.554","2","3","","8","8","0","5.670","157","97","0","13","11","0","","","","","1a0f4628dbc8ffbc72c73cadb2c19c8c","0.163","","","","","en","1.1","","","","","","https://makeo.app/toothsi/products/630c4a77d75e550020acd0ee/toothsi-spark-whitening-pen","2026-09-16 02:59:09"
"https://makeo.app/toothsi/experts/dr-arpi-mehta","text/html; charset=utf-8","200","OK","Indexable","","Dr. Arpi Mehta — Co-Founder | makeO","35","336","Dr. Arpi Mehta is an orthodontist turned entrepreneur with 15 years of overall experience in this category. Her specialization in orthodontics is backed by expe…","161","976","","0","Dr. Arpi Mehta","14","","0","What Dr. Arpi treats","20","A track record you can trust","28","","","","","https://makeo.app/toothsi/experts/dr-arpi-mehta","","","","","","385236","48715","48715","7.220","","1355","343","3.950","64.968","Normal","2.199","2","2","","7","3","0","2.130","200","134","0","14","12","0","","","","","5f9c97f792c0b5b16b2e0e612b63bd4a","0.067","","","","","en","1.1","","","","","","https://makeo.app/toothsi/experts/dr-arpi-mehta","2026-09-16 02:59:10"
"https://makeo.app/_next/static/css/702b70e5d083a29c.css","text/css; charset=UTF-8","200","OK","Indexable","","","0","0","","0","0","","0","","0","","0","","0","","0","","","","","","","","","","","0","0","0","0.000","","0","","","","","0.000","2","3","","0","0","0","0.000","0","0","0","0","0","0","","","","","","0.112","Thu, 10 Sep 2026 17:32:44 GMT","","","","","1.1","","","","","","https://makeo.app/_next/static/css/702b70e5d083a29c.css","2026-09-16 02:59:10"
"https://makeo.app/blog/oral-care/overbite-causes-types-correction-and-treatment","text/html; charset=utf-8","200","OK","Indexable","","Overbite Teeth :Types of Overbite & Its Treatment| toothsi","58","516","Are you facing overbite teeth problems? If yes, visit toothsi & check out different types of overbite. Click below to know more about overbite treatment.","153","922","","0","Overbite: types of overbite & how to correct it","47","","0","","0","","0","","","","","https://makeo.app/blog/oral-care/overbite-causes-types-correction-and-treatment","","","","","","373274","53064","53064","7.864","","1153","260","4.435","61.676","Normal","1.905","2","2","","1","1","0","0.710","171","102","0","13","11","0","","","","","2a60c31407996e8d0827b59b71b74e78","0.044","","","","","en","1.1","","","","","","https://makeo.app/blog/oral-care/overbite-causes-types-correction-and-treatment","2026-09-16 02:59:10"
"https://makeo.app/_next/static/css/aee0ba0f89e10bb2.css","text/css; charset=UTF-8","200","OK","Indexable","","","0","0","","0","0","","0","","0","","0","","0","","0","","","","","","","","","","","659","659","659","0.098","","0","","","","","0.000","2","3","","0","0","0","0.000","0","0","0","0","0","0","","","","","","0.006","Thu, 10 Sep 2026 17:32:44 GMT","","","","","1.1","","","","","","https://makeo.app/_next/static/css/aee0ba0f89e10bb2.css","2026-09-16 02:59:11"
"https://makeo.app/toothsi/clear-aligners/check-eligibility/contact-information","text/html; charset=utf-8","200","OK","Non-Indexable","noindex","Eligibility Check for Clear Aligners | toothsi by makeO","55","470","Complete basic details such as age, alignment issues, and more, for us to plan your smile makeover journey better.","114","702","","0","","0","","0","","0","","0","noindex, nofollow","noindex, nofollow","","","https://makeo.app/toothsi/clear-aligners/check-eligibility/contact-information","","","","","","287064","32303","32303","4.787","","433","132","3.280","43.488","Hard","1.001","2","3","","88","32","0","22.700","157","97","0","13","11","0","","","","","c00327d4f5849bcf49ed5f80c2e88f67","0.039","","","","","en","1.1","","","","","","https://makeo.app/toothsi/clear-aligners/check-eligibility/contact-information","2026-09-16 02:59:11"
"https://makeo.app/blog/oral-care/best-orthodontist-dr-pravin-shetty","text/html; charset=utf-8","200","OK","Indexable","","Dr. Pravin Shetty: Pioneer in Lingual Orthodontics & Innovative Smile Solutions","79","697","Discover Dr. Pravin Shetty, MakeO co-founder and expert orthodontist, transforming smiles with advanced dental care treatments and celebrity success stories.","157","983","","0","Dr. Pravin Shetty: Pioneer in Lingual Orthodontics & Innovative Smile Alignment & Asthetics Solutions","101","","0","Introduction:","13","Services:","9","","","","","https://makeo.app/blog/oral-care/best-orthodontist-dr-pravin-shetty","","","","","","368452","51273","51273","7.599","","1032","258","4.000","46.691","Hard","1.869","2","2","","24","12","0","8.510","170","102","0","13","11","0","","","","","e90d0883e036559a2f26e337861f3a5","0.055","","","","","en","1.1","","","","","","https://makeo.app/blog/oral-care/best-orthodontist-dr-pravin-shetty","2026-09-16 02:59:11"
"https://makeo.app/blog/oral-care/side-effects-of-wearing-braces","text/html; charset=utf-8","200","OK","Indexable","","7 Common Side Effects of Wearing Braces | makeO","47","457","Learn about the common side effects of wearing braces such as discomfort, irritation, cuts, jaw pain etc. on makeO blog. Visit now!","131","807","","0","common side-effects of braces you need to know about","52","","0","FAQs on Braces side effects","27","","0","","","","","https://makeo.app/blog/oral-care/side-effects-of-wearing-braces","","","","","","375455","51780","51780","7.674","","1442","293","4.922","69.307","Normal","2.342","2","2","","24","12","0","8.510","171","102","0","13","11","0","","","","","7eb459e36ea43bd8fda1fcbe6db9b2b0","0.075","","","","","en","1.1","","","","","","https://makeo.app/blog/oral-care/side-effects-of-wearing-braces","2026-09-16 02:59:12"
"https://makeo.app/blog/oral-care/10-normal-things-you-will-face-while-wearing-aligners","text/html; charset=utf-8","200","OK","Indexable","","Getting Aligners for the first time? Here are 10 things you must know","69","612","If you are getting aligners for the first time, these 10 common things about aligners are a must-know. Learn how to deal with discomfort and aligner pain","153","938","aligners pain, do teeth aligners hurt, discomforts of clear aligners, discomforts of using aligners","99","Living with aligners: Dealing with 10 Common Dental Discomforts","63","","0","10 Discomforts Associated with Aligners","39","","0","","","","","https://makeo.app/blog/oral-care/10-normal-things-you-will-face-while-wearing-aligners","","","","","","391985","55738","55738","8.260","","1775","334","5.314","73.135","Fairly Easy","2.670","2","2","","24","12","0","8.510","170","103","0","13","11","0","","","","","6712b8cd0a0fc554235b00c35a4bb347","0.095","","","","","en","1.1","","","","","","https://makeo.app/blog/oral-care/10-normal-things-you-will-face-while-wearing-aligners","2026-09-16 02:59:12"
"https://makeo.app/toothsi/experts/dr-pravin-Shetty","text/html; charset=utf-8","200","OK","Indexable","","Dr. Pravin Shetty — Co-Founder | makeO","38","357","Dr. Pravin Shetty helped shape clear aligner adoption in India. With 24 years of total clinical experience, he has spent his career advancing orthodontics in In…","161","964","","0","Dr. Pravin Shetty","17","","0","What Dr. Pravin treats","22","A track record you can trust","28","","","","","https://makeo.app/toothsi/experts/dr-pravin-Shetty","","","","","","368443","47339","47339","7.016","","1303","320","4.072","59.278","Fairly Hard","2.282","2","2","","8","4","0","2.840","189","123","0","14","12","0","","","","","43f3f5914ac002076dfc5cac7329f35a","0.029","","","","","en","1.1","","","","","","https://makeo.app/toothsi/experts/dr-pravin-Shetty","2026-09-16 02:59:14"
"https://makeo.app/_next/static/chunks/99648-b0cedd01801210f1.js","application/javascript; charset=UTF-8","200","OK","Indexable","","","0","0","","0","0","","0","","0","","0","","0","","0","","","","","","","","","","","0","0","0","0.000","","0","","","","","0.000","2","3","","0","0","0","0.000","0","0","0","0","0","0","","","","","","0.036","Thu, 10 Sep 2026 17:32:44 GMT","","","","","1.1","","","","","","https://makeo.app/_next/static/chunks/99648-b0cedd01801210f1.js","2026-09-16 02:59:16"
"https://makeo.app/_next/static/chunks/16468-5b196e9ba49598d2.js","application/javascript; charset=UTF-8","200","OK","Indexable","","","0","0","","0","0","","0","","0","","0","","0","","0","","","","","","","","","","","0","0","0","0.000","","0","","","","","0.000","2","3","","0","0","0","0.000","0","0","0","0","0","0","","","","","","0.047","Thu, 10 Sep 2026 17:32:43 GMT","","","","","1.1","","","","","","https://makeo.app/_next/static/chunks/16468-5b196e9ba49598d2.js","2026-09-16 02:59:16"
"https://makeo.app/_next/static/css/c6f6831a4a1ed88f.css","text/css; charset=UTF-8","200","OK","Indexable","","","0","0","","0","0","","0","","0","","0","","0","","0","","","","","","","","","","","0","0","0","0.000","","0","","","","","0.000","2","3","","0","0","0","0.000","0","0","0","0","0","0","","","","","","0.052","Thu, 10 Sep 2026 17:32:44 GMT","","","","","1.1","","","","","","https://makeo.app/_next/static/css/c6f6831a4a1ed88f.css","2026-09-16 02:59:16"
"https://makeo.app/_next/static/css/15143cf6db61590b.css","text/css; charset=UTF-8","200","OK","Indexable","","","0","0","","0","0","","0","","0","","0","","0","","0","","","","","","","","","","","0","0","0","0.000","","0","","","","","0.000","2","3","","0","0","0","0.000","0","0","0","0","0","0","","","","","","0.090","Thu, 10 Sep 2026 17:32:44 GMT","","","","","1.1","","","","","","https://makeo.app/_next/static/css/15143cf6db61590b.css","2026-09-16 02:59:16"
"https://makeo.app/toothsi/contact-us","text/html; charset=utf-8","200","OK","Indexable","","Contact us | Better Smile with Our Clear Aligners | toothsi by makeO","68","603","If you have any questions on teeth clear aligners treatment, call our customer care team at +91 - 73033 30000 or email us at info@toothsi.in","140","861","Contact Us toothsi, orthodontic treatment, clear aligners, orthodontic retainer, crooked teeth braces, removable braces for teeth","129","hello, toothsi speaking","23","","0","service locator","15","","0","","","","","https://makeo.app/toothsi/contact-us","","","","","","145457","20049","20049","2.971","","539","162","3.327","49.012","Hard","2.455","2","1","","8","8","0","5.670","157","97","0","13","11","0","","","","","f479478555b029972e3441b926cc795c","0.024","","","","","en","1.1","","","","","","https://makeo.app/toothsi/contact-us","2026-09-16 02:59:16"
"https://makeo.app/toothsi/consultation/select-concern","text/html; charset=utf-8","200","OK","Indexable","","SkinCare Assessments","20","206","","0","0","","0","","0","","0","","0","","0","","","","","https://makeo.app/toothsi/consultation/select-concern","","","","","","277587","48590","48590","7.201","","433","132","3.280","43.098","Hard","1.037","2","2","","8","7","0","4.960","157","97","0","13","11","0","","","","","68bf9da56d1957b567fad0a33aa757d0","0.074","","","","","en","1.1","","","","","","https://makeo.app/toothsi/consultation/select-concern","2026-09-16 02:59:16"
"https://makeo.app/_next/static/chunks/46515-e90661cd4938b657.js","application/javascript; charset=UTF-8","200","OK","Indexable","","","0","0","","0","0","","0","","0","","0","","0","","0","","","","","","","","","","","0","0","0","0.000","","0","","","","","0.000","2","3","","0","0","0","0.000","0","0","0","0","0","0","","","","","","0.036","Thu, 10 Sep 2026 17:32:44 GMT","","","","","1.1","","","","","","https://makeo.app/_next/static/chunks/46515-e90661cd4938b657.js","2026-09-16 02:59:17"
"https://makeo.app/_next/static/chunks/65612-5b90a12136e4c454.js","application/javascript; charset=UTF-8","200","OK","Indexable","","","0","0","","0","0","","0","","0","","0","","0","","0","","","","","","","","","","","0","0","0","0.000","","0","","","","","0.000","2","3","","0","0","0","0.000","0","0","0","0","0","0","","","","","","0.033","Thu, 10 Sep 2026 17:32:44 GMT","","","","","1.1","","","","","","https://makeo.app/_next/static/chunks/65612-5b90a12136e4c454.js","2026-09-16 02:59:17"
"https://makeo.app/_next/static/css/faea2dcbd5550415.css","text/css; charset=UTF-8","200","OK","Indexable","","","0","0","","0","0","","0","","0","","0","","0","","0","","","","","","","","","","","493","493","493","0.073","","0","","","","","0.000","2","3","","0","0","0","0.000","0","0","0","0","0","0","","","","","","0.041","Thu, 10 Sep 2026 17:32:44 GMT","","","","","1.1","","","","","","https://makeo.app/_next/static/css/faea2dcbd5550415.css","2026-09-16 02:59:17"
"https://makeo.app/_next/static/chunks/app/%5Bbrand%5D/%5Bhub%5D/page-63c1fe914a1930d1.js","application/javascript; charset=UTF-8","200","OK","Indexable","","","0","0","","0","0","","0","","0","","0","","0","","0","","","","","","","","","","","763","763","763","0.113","","0","","","","","0.000","2","6","","0","0","0","0.000","0","0","0","0","0","0","","","","","","0.047","Thu, 10 Sep 2026 17:32:43 GMT","","","","","1.1","","","","","","https://makeo.app/_next/static/chunks/app/%5Bbrand%5D/%5Bhub%5D/page-63c1fe914a1930d1.js","2026-09-16 02:59:17"
"https://makeo.app/_next/static/css/c649ab2099eaf999.css","text/css; charset=UTF-8","200","OK","Indexable","","","0","0","","0","0","","0","","0","","0","","0","","0","","","","","","","","","","","0","0","0","0.000","","0","","","","","0.000","2","3","","0","0","0","0.000","0","0","0","0","0","0","","","","","","0.058","Thu, 10 Sep 2026 17:32:44 GMT","","","","","1.1","","","","","","https://makeo.app/_next/static/css/c649ab2099eaf999.css","2026-09-16 02:59:17"
"https://makeo.app/skinnsi/laser-hair-removal/select-service/lhr-prime?service=345","text/html; charset=utf-8","200","OK","Non-Indexable","Canonicalised","Book Laser Hair Removal Treatment","33","324","Get safe and permanent laser hair removal at home with MakeO at an affordable cost. We use the most advanced painless icy cool FDA-approved technology","150","967","","0","5 Years Unlimited - Laser Hair Reduction Laser Hair Removal","59","","0","","0","real people, real results","25","","","","","https://makeo.app/skinnsi/laser-hair-removal/select-service/lhr-prime","","","","","","460627","59933","59933","8.882","","2331","442","5.274","69.084","Normal","3.075","2","3","","11","11","0","7.800","157","97","0","13","11","0","","","","","1ee6042329db4380515c58257ddfd55c","0.122","","","","","en","1.1","","","","","","https://makeo.app/skinnsi/laser-hair-removal/select-service/lhr-prime?service=345","2026-09-16 02:59:17"
"https://makeo.app/skinnsi/laser-hair-removal/select-service/hands-legs-underarms-bikini?service=72","text/html; charset=utf-8","200","OK","Non-Indexable","Canonicalised","Book Laser Hair Removal Treatment","33","324","Get safe and permanent laser hair removal at home with MakeO at an affordable cost. We use the most advanced painless icy cool FDA-approved technology","150","967","","0","Hands, Legs, Underarms & Bikini Laser Hair Removal","50","","0","","0","real people, real results","25","","","","","https://makeo.app/skinnsi/laser-hair-removal/select-service/hands-legs-underarms-bikini","","","","","","503004","62722","62722","9.295","","2452","502","4.884","73.218","Fairly Easy","2.940","2","3","","6","6","0","4.260","162","102","0","13","11","0","","","","","af57b3ceca784e094a5fc619612a844c","0.062","","","","","en","1.1","","","","","","https://makeo.app/skinnsi/laser-hair-removal/select-service/hands-legs-underarms-bikini?service=72","2026-09-16 02:59:18"
"https://makeo.app/_next/static/css/508d679c98d12889.css","text/css; charset=UTF-8","200","OK","Indexable","","","0","0","","0","0","","0","","0","","0","","0","","0","","","","","","","","","","","0","0","0","0.000","","0","","","","","0.000","2","3","","0","0","0","0.000","0","0","0","0","0","0","","","","","","0.080","Thu, 10 Sep 2026 17:32:44 GMT","","","","","1.1","","","","","","https://makeo.app/_next/static/css/508d679c98d12889.css","2026-09-16 02:59:18"
"https://makeo.app/skinnsi/laser-hair-removal/select-service/chin-upperlip?service=323","text/html; charset=utf-8","200","OK","Non-Indexable","Canonicalised","Book Laser Hair Removal Treatment","33","324","Get safe and permanent laser hair removal at home with MakeO at an affordable cost. We use the most advanced painless icy cool FDA-approved technology","150","967","","0","Chin & Upperlip Laser Hair Removal","34","","0","","0","real people, real results","25","","","","","https://makeo.app/skinnsi/laser-hair-removal/select-service/chin-upperlip","","","","","","503383","62728","62728","9.296","","2450","502","4.880","73.186","Fairly Easy","2.931","2","3","","2","2","0","1.420","162","102","0","13","11","0","","","","","ea99be9be79d5e36d2f8ddc2d4af9175","0.075","","","","","en","1.1","","","","","","https://makeo.app/skinnsi/laser-hair-removal/select-service/chin-upperlip?service=323","2026-09-16 02:59:18"
"https://makeo.app/_next/static/css/2191d2d41733f0ec.css","text/css; charset=UTF-8","200","OK","Indexable","","","0","0","","0","0","","0","","0","","0","","0","","0","","","","","","","","","","","0","0","0","0.000","","0","","","","","0.000","2","3","","0","0","0","0.000","0","0","0","0","0","0","","","","","","0.035","Thu, 10 Sep 2026 17:32:44 GMT","","","","","1.1","","","","","","https://makeo.app/_next/static/css/2191d2d41733f0ec.css","2026-09-16 02:59:19"
"https://makeo.app/_next/static/css/74a292e2a519b515.css","text/css; charset=UTF-8","200","OK","Indexable","","","0","0","","0","0","","0","","0","","0","","0","","0","","","","","","","","","","","0","0","0","0.000","","0","","","","","0.000","2","3","","0","0","0","0.000","0","0","0","0","0","0","","","","","","0.080","Thu, 10 Sep 2026 17:32:44 GMT","","","","","1.1","","","","","","https://makeo.app/_next/static/css/74a292e2a519b515.css","2026-09-16 02:59:19"
"https://makeo.app/_next/static/css/4eb4ed390a5020f5.css","text/css; charset=UTF-8","200","OK","Indexable","","","0","0","","0","0","","0","","0","","0","","0","","0","","","","","","","","","","","0","0","0","0.000","","0","","","","","0.000","2","3","","0","0","0","0.000","0","0","0","0","0","0","","","","","","0.101","Thu, 10 Sep 2026 17:32:44 GMT","","","","","1.1","","","","","","https://makeo.app/_next/static/css/4eb4ed390a5020f5.css","2026-09-16 02:59:19"
"https://makeo.app/skinnsi/laser-hair-removal/select-service/chin?service=317","text/html; charset=utf-8","200","OK","Non-Indexable","Canonicalised","Book Laser Hair Removal Treatment","33","324","Get safe and permanent laser hair removal at home with MakeO at an affordable cost. We use the most advanced painless icy cool FDA-approved technology","150","967","","0","Chin Laser Hair Removal","23","","0","","0","real people, real results","25","","","","","https://makeo.app/skinnsi/laser-hair-removal/select-service/chin","","","","","","503346","62774","62774","9.303","","2452","502","4.884","73.183","Fairly Easy","2.933","2","3","","3","3","0","2.130","162","102","0","13","11","0","","","","","ffb4527874254f8880c79bb84444053","0.070","","","","","en","1.1","","","","","","https://makeo.app/skinnsi/laser-hair-removal/select-service/chin?service=317","2026-09-16 02:59:20"
"https://makeo.app/skinnsi/laser-hair-removal/select-service/underarms?service=127","text/html; charset=utf-8","200","OK","Non-Indexable","Canonicalised","Underarm Laser Hair Removal Treatment at Home | makeO skinnsi","61","597","Book makeO skinnsi Underarm Laser Hair removal at Home and say good bye to all your unwanted hair. Book an appointment now!","123","810","","0","Underarms Laser Hair Removal","28","","0","","0","real people, real results","25","","","","","https://makeo.app/skinnsi/laser-hair-removal/select-service/underarms","","","","","","506062","62924","62924","9.325","","2451","502","4.882","73.167","Fairly Easy","2.917","2","3","","1","1","0","0.710","162","102","0","13","11","0","","","","","e3e35f17fa6eab859c3a4f039c64b1b5","0.070","","","","","en","1.1","","","","","","https://makeo.app/skinnsi/laser-hair-removal/select-service/underarms?service=127","2026-09-16 02:59:20"
"https://makeo.app/_next/static/css/9c963545d81547d3.css","text/css; charset=UTF-8","200","OK","Indexable","","","0","0","","0","0","","0","","0","","0","","0","","0","","","","","","","","","","","0","0","0","0.000","","0","","","","","0.000","2","3","","0","0","0","0.000","0","0","0","0","0","0","","","","","","0.040","Thu, 10 Sep 2026 17:32:44 GMT","","","","","1.1","","","","","","https://makeo.app/_next/static/css/9c963545d81547d3.css","2026-09-16 02:59:20"
"https://makeo.app/_next/static/css/fd576452aa449a73.css","text/css; charset=UTF-8","200","OK","Indexable","","","0","0","","0","0","","0","","0","","0","","0","","0","","","","","","","","","","","0","0","0","0.000","","0","","","","","0.000","2","3","","0","0","0","0.000","0","0","0","0","0","0","","","","","","0.059","Thu, 10 Sep 2026 17:32:44 GMT","","","","","1.1","","","","","","https://makeo.app/_next/static/css/fd576452aa449a73.css","2026-09-16 02:59:20"
"https://makeo.app/toothsi/experience-centre/chennai/nungambakkam-2929","text/html; charset=utf-8","200","OK","Indexable","","Best Dental Clinic in Nungambakkam and T. Nagar  | Toothsi Dentists Near You","76","697","Visit Toothsi – The Best Dental Clinic in Nungambakkam and T. Nagar offering same-day appointments, expert dentists, teeth aligners, braces, teeth whitening & more advanced treatments. Book now.","194","1230","Best dental clinic 
dental clinic near me 
dentist near me 
teeth aligners near me 
dental braces near me 
braces near me 
teeth whitening near me
Best dentist near me","167","Looking For A Dental Clinic In Nungambakkam and T. Nagar?","57","","0","Why Choose Toothsi As Your Dental Clinic In Nungambakkam and T. Nagar?","70","What Services Does Toothsi Dental Clinic Offer In Nungambakkam and T. Nagar?","76","","","","","https://makeo.app/toothsi/experience-centre/chennai/nungambakkam-2929","","","","","","588680","81420","81420","12.066","","2328","443","5.255","57.667","Fairly Hard","2.576","2","3","","4","1","0","0.710","180","101","0","17","14","0","","","","","8fdbdffd560da9456cd0cf8b91841c2","0.060","","","","","en","1.1","","","","","","https://makeo.app/toothsi/experience-centre/chennai/nungambakkam-2929","2026-09-16 02:59:20"
"https://makeo.app/_next/static/css/76c61d445c7d7a19.css","text/css; charset=UTF-8","200","OK","Indexable","","","0","0","","0","0","","0","","0","","0","","0","","0","","","","","","","","","","","0","0","0","0.000","","0","","","","","0.000","2","3","","0","0","0","0.000","0","0","0","0","0","0","","","","","","0.099","Thu, 10 Sep 2026 17:32:44 GMT","","","","","1.1","","","","","","https://makeo.app/_next/static/css/76c61d445c7d7a19.css","2026-09-16 02:59:21"
"https://makeo.app/toothsi/teeth-cleaning-get-started1","text/html; charset=utf-8","200","OK","Non-Indexable","noindex","Toothsi Teeth Cleaning Get Started1 | Toothsi","45","408","","0","0","","0","","0","","0","Real people, real smiles","24","Other services we offer","23","noindex, nofollow","noindex, nofollow","","","","","","","","","427151","57785","57785","8.564","","1046","236","4.432","57.077","Fairly Hard","1.590","2","1","","9","9","0","6.380","117","75","0","13","11","0","","","","","62c01be7a9a8e485b7a8b6f1bf885b0a","0.051","","","","","en","1.1","","","","","","https://makeo.app/toothsi/teeth-cleaning-get-started1","2026-09-16 02:59:21"
"https://makeo.app/_next/static/css/7b2493a1318fba12.css","text/css; charset=UTF-8","200","OK","Indexable","","","0","0","","0","0","","0","","0","","0","","0","","0","","","","","","","","","","","0","0","0","0.000","","0","","","","","0.000","2","3","","0","0","0","0.000","0","0","0","0","0","0","","","","","","0.038","Thu, 10 Sep 2026 17:32:44 GMT","","","","","1.1","","","","","","https://makeo.app/_next/static/css/7b2493a1318fba12.css","2026-09-16 02:59:21"
"https://makeo.app/toothsi/experience-centre/chennai/anna-nagar-3250","text/html; charset=utf-8","200","OK","Indexable","","Best Dental Clinic in • Anna Nagar • Shanthi Colony • Thirumangalam • Mogappair East • Kilpauk • Aminjikarai • Shenoy Nagar • Choolaimedu (outer edge)  | Toothsi Dentists Near You","179","1605","Visit Toothsi – The Best Dental Clinic in • Anna Nagar • Shanthi Colony • Thirumangalam • Mogappair East • Kilpauk • Aminjikarai • Shenoy Nagar • Choolaimedu (outer edge) offering same-day appointments, expert dentists, teeth aligners, braces, teeth whitening & more advanced treatments. Book now.","297","1858","Best dental clinic 
dental clinic near me 
dentist near me 
teeth aligners near me 
dental braces near me 
braces near me 
teeth whitening near me
Best dentist near me","167","Looking For A Dental Clinic In • Anna Nagar • Shanthi Colony • Thirumangalam • Mogappair East • Kilpauk • Aminjikarai • Shenoy Nagar • Choolaimedu (outer edge)?","160","","0","Why Choose Toothsi As Your Dental Clinic In • Anna Nagar • Shanthi Colony • Thirumangalam • Mogappair East • Kilpauk • Aminjikarai • Shenoy Nagar • Choolaimedu (outer edge)?","173","What Services Does Toothsi Dental Clinic Offer In • Anna Nagar • Shanthi Colony • Thirumangalam • Mogappair East • Kilpauk • Aminjikarai • Shenoy Nagar • Choolaimedu (outer edge)?","179","","","","","https://makeo.app/toothsi/experience-centre/chennai/anna-nagar-3250","","","","","","603210","81840","81840","12.129","","2898","461","6.286","56.477","Fairly Hard","3.076","2","3","","4","1","0","0.710","180","101","0","17","14","0","","","","","ddd10bdf6c5f08d4f4c92f513ffabf8f","0.113","","","","","en","1.1","","","","","","https://makeo.app/toothsi/experience-centre/chennai/anna-nagar-3250","2026-09-16 02:59:21"
"https://makeo.app/toothsi/experience-centre/chennai/adyar-2918","text/html; charset=utf-8","200","OK","Indexable","","Best Dental Clinic in Adyar and Besant Nagar  | Toothsi Dentists Near You","73","646","Visit Toothsi – The Best Dental Clinic in Adyar and Besant Nagar offering same-day appointments, expert dentists, teeth aligners, braces, teeth whitening & more advanced treatments. Book now.","191","1195","Best dental clinic 
dental clinic near me 
dentist near me 
teeth aligners near me 
dental braces near me 
braces near me 
teeth whitening near me
Best dentist near me","167","Looking For A Dental Clinic In Adyar and Besant Nagar?","54","","0","Why Choose Toothsi As Your Dental Clinic In Adyar and Besant Nagar?","67","What Services Does Toothsi Dental Clinic Offer In Adyar and Besant Nagar?","73","","","","","https://makeo.app/toothsi/experience-centre/chennai/adyar-2918","","","","","","588491","81485","81485","12.076","","2316","415","5.581","56.883","Fairly Hard","2.557","2","3","","4","1","0","0.710","180","101","0","17","14","0","","","","","cd0fac2f1259ad9c6687da81787cbc36","0.057","","","","","en","1.1","","","","","","https://makeo.app/toothsi/experience-centre/chennai/adyar-2918","2026-09-16 02:59:21"
"https://makeo.app/_next/static/css/f1632ae23695c301.css","text/css; charset=UTF-8","200","OK","Indexable","","","0","0","","0","0","","0","","0","","0","","0","","0","","","","","","","","","","","196","196","196","0.029","","0","","","","","0.000","2","3","","0","0","0","0.000","0","0","0","0","0","0","","","","","","0.005","Thu, 10 Sep 2026 17:32:44 GMT","","","","","1.1","","","","","","https://makeo.app/_next/static/css/f1632ae23695c301.css","2026-09-16 02:59:22"
"https://makeo.app/_next/static/css/172abfb2e53e7ae6.css","text/css; charset=UTF-8","200","OK","Indexable","","","0","0","","0","0","","0","","0","","0","","0","","0","","","","","","","","","","","0","0","0","0.000","","0","","","","","0.000","2","3","","0","0","0","0.000","0","0","0","0","0","0","","","","","","0.020","Thu, 10 Sep 2026 17:32:44 GMT","","","","","1.1","","","","","","https://makeo.app/_next/static/css/172abfb2e53e7ae6.css","2026-09-16 02:59:22"
"https://makeo.app/toothsi/experience-centre/chennai/west-tambaram-chennai-3279","text/html; charset=utf-8","200","OK","Indexable","","Best Dental Clinic in West Tambaram, Chennai  | Toothsi Dentists Near You","73","663","Visit Toothsi – The Best Dental Clinic in West Tambaram, Chennai offering same-day appointments, expert dentists, teeth aligners, braces, teeth whitening & more advanced treatments. Book now.","191","1202","Best dental clinic 
dental clinic near me 
dentist near me 
teeth aligners near me 
dental braces near me 
braces near me 
teeth whitening near me
Best dentist near me","167","Looking For A Dental Clinic In West Tambaram, Chennai?","54","","0","Why Choose Toothsi As Your Dental Clinic In West Tambaram, Chennai?","67","What Services Does Toothsi Dental Clinic Offer In West Tambaram, Chennai?","73","","","","","https://makeo.app/toothsi/experience-centre/chennai/west-tambaram-chennai-3279","","","","","","586576","80234","80234","11.891","","2249","404","5.567","55.307","Fairly Hard","2.533","2","3","","4","1","0","0.710","180","101","0","17","14","0","","","","","7376fe0847eb93418eee425194802554","0.062","","","","","en","1.1","","","","","","https://makeo.app/toothsi/experience-centre/chennai/west-tambaram-chennai-3279","2026-09-16 02:59:22"
"https://makeo.app/_next/static/css/49587b11ca878b95.css","text/css; charset=UTF-8","200","OK","Indexable","","","0","0","","0","0","","0","","0","","0","","0","","0","","","","","","","","","","","0","0","0","0.000","","0","","","","","0.000","2","3","","0","0","0","0.000","0","0","0","0","0","0","","","","","","0.049","Thu, 10 Sep 2026 17:32:44 GMT","","","","","1.1","","","","","","https://makeo.app/_next/static/css/49587b11ca878b95.css","2026-09-16 02:59:22"
"https://makeo.app/_next/static/css/cf4a81531ebae369.css","text/css; charset=UTF-8","200","OK","Indexable","","","0","0","","0","0","","0","","0","","0","","0","","0","","","","","","","","","","","715","715","715","0.106","","0","","","","","0.000","2","3","","0","0","0","0.000","0","0","0","0","0","0","","","","","","0.053","Thu, 10 Sep 2026 17:32:44 GMT","","","","","1.1","","","","","","https://makeo.app/_next/static/css/cf4a81531ebae369.css","2026-09-16 02:59:22"
"https://makeo.app/_next/static/css/885c2d3ca657edad.css","text/css; charset=UTF-8","200","OK","Indexable","","","0","0","","0","0","","0","","0","","0","","0","","0","","","","","","","","","","","0","0","0","0.000","","0","","","","","0.000","2","3","","0","0","0","0.000","0","0","0","0","0","0","","","","","","0.054","Thu, 10 Sep 2026 17:32:44 GMT","","","","","1.1","","","","","","https://makeo.app/_next/static/css/885c2d3ca657edad.css","2026-09-16 02:59:22"
"https://makeo.app/toothsi/experience-centre/chennai/mylapore-chennai-3256","text/html; charset=utf-8","200","OK","Indexable","","Best Dental Clinic in MYLAPORE, CHENNAI  | Toothsi Dentists Near You","68","627","Visit Toothsi – The Best Dental Clinic in MYLAPORE, CHENNAI offering same-day appointments, expert dentists, teeth aligners, braces, teeth whitening & more advanced treatments. Book now.","186","1181","Best dental clinic 
dental clinic near me 
dentist near me 
teeth aligners near me 
dental braces near me 
braces near me 
teeth whitening near me
Best dentist near me","167","Looking For A Dental Clinic In MYLAPORE, CHENNAI?","49","","0","Why Choose Toothsi As Your Dental Clinic In MYLAPORE, CHENNAI?","62","What Services Does Toothsi Dental Clinic Offer In MYLAPORE, CHENNAI?","68","","","","","https://makeo.app/toothsi/experience-centre/chennai/mylapore-chennai-3256","","","","","","587084","81090","81090","12.018","","2312","425","5.440","53.812","Fairly Hard","2.609","2","3","","4","1","0","0.710","180","101","0","17","14","0","","","","","33bef083a453b6fb240af507f44d2a62","1.854","","","","","en","1.1","","","","","","https://makeo.app/toothsi/experience-centre/chennai/mylapore-chennai-3256","2026-09-16 02:59:20"
"https://makeo.app/toothsi/get-started1/","","308","Permanent Redirect","Non-Indexable","Redirected","","0","0","","0","0","","0","","0","","0","","0","","0","","","","","","","","","","","0","0","0","0.000","","0","","","","","0.000","2","2","","10","9","0","6.380","0","0","0","0","0","0","","","","","","0.037","","https://makeo.app/toothsi/get-started1","HTTP Redirect","","","1.1","","","","","","https://makeo.app/toothsi/get-started1/","2026-09-16 02:59:23"
